DHSID,GPS_Dataset,DHSCC,DHSYEAR,DHSCLUST,SurveyID,All_Population_Count_2000,All_Population_Count_2005,All_Population_Count_2010,All_Population_Count_2015,All_Population_Count_2020,Aridity_2000,Aridity_2005,Aridity_2010,Aridity_2015,Aridity_2020,Day_Land_Surface_Temp_2000,Day_Land_Surface_Temp_2005,Day_Land_Surface_Temp_2010,Day_Land_Surface_Temp_2015,Day_Land_Surface_Temp_2020,Diurnal_Temperature_Range_2000,Diurnal_Temperature_Range_2005,Diurnal_Temperature_Range_2010,Diurnal_Temperature_Range_2015,Diurnal_Temperature_Range_2020,Drought_Episodes,Elevation,Enhanced_Vegetation_Index_2000,Enhanced_Vegetation_Index_2005,Enhanced_Vegetation_Index_2010,Enhanced_Vegetation_Index_2015,Enhanced_Vegetation_Index_2020,Frost_Days_2000,Frost_Days_2005,Frost_Days_2010,Frost_Days_2015,Frost_Days_2020,Global_Human_Footprint,Growing_Season_Length,Irrigation,ITN_Coverage_2000,ITN_Coverage_2005,ITN_Coverage_2010,ITN_Coverage_2015,ITN_Coverage_2020,Land_Surface_Temperature_2000,Land_Surface_Temperature_2005,Land_Surface_Temperature_2010,Land_Surface_Temperature_2015,Land_Surface_Temperature_2020,Livestock_Cattle,Livestock_Chickens,Livestock_Goats,Livestock_Pigs,Livestock_Sheep,Malaria_Incidence_2000,Malaria_Incidence_2005,Malaria_Incidence_2010,Malaria_Incidence_2015,Malaria_Incidence_2020,Malaria_Prevalence_2000,Malaria_Prevalence_2005,Malaria_Prevalence_2010,Malaria_Prevalence_2015,Malaria_Prevalence_2020,Maximum_Temperature_2000,Maximum_Temperature_2005,Maximum_Temperature_2010,Maximum_Temperature_2015,Maximum_Temperature_2020,Mean_Temperature_2000,Mean_Temperature_2005,Mean_Temperature_2010,Mean_Temperature_2015,Mean_Temperature_2020,Minimum_Temperature_2000,Minimum_Temperature_2005,Minimum_Temperature_2010,Minimum_Temperature_2015,Minimum_Temperature_2020,Nightlights_Composite,Night_Land_Surface_Temp_2000,Night_Land_Surface_Temp_2005,Night_Land_Surface_Temp_2010,Night_Land_Surface_Temp_2015,Night_Land_Surface_Temp_2020,PET_2000,PET_2005,PET_2010,PET_2015,PET_2020,Precipitation_2000,Precipitation_2005,Precipitation_2010,Precipitation_2015,Precipitation_2020,Rainfall_2000,Rainfall_2005,Rainfall_2010,Rainfall_2015,Rainfall_2020,Temperature_January,Temperature_February,Temperature_March,Temperature_April,Temperature_May,Temperature_June,Temperature_July,Temperature_August,Temperature_September,Temperature_October,Temperature_November,Temperature_December,Travel_Times,U5_Population_2000,U5_Population_2005,U5_Population_2010,U5_Population_2015,U5_Population_2020,UN_Population_Count_2000,UN_Population_Count_2005,UN_Population_Count_2010,UN_Population_Count_2015,UN_Population_Count_2020,UN_Population_Density_2000,UN_Population_Density_2005,UN_Population_Density_2010,UN_Population_Density_2015,UN_Population_Density_2020,Wet_Days_2000,Wet_Days_2005,Wet_Days_2010,Wet_Days_2015,Wet_Days_2020
ZZ201500000001,ZZGE61FL,ZZ,2015,1,ZZ2015DHS,43.67313385,66.65227509,77.3108902,78.36889648,94.49060059,37.44809341,32.10511398,44.78839874,43.01116943,45.0945015,24.86161995,25.52684021,25.56572914,24.78006554,25.68253899,11.8358078,11.58724022,11.7932291,10.34895802,10.67942715,NA,844.9121094,0.409330487,0.41425693,0.449677259,0.437538028,0.458210051,0,0,0,0,0,14.27863789,15,0,0.021707417,0.01758484,0.205407873,0.346592337,0.442412138,21.83519554,22.5558815,22.89301682,22.21407318,22.65896034,0.002321766,5.506313324,0.66102308,0.31703043,0.005612426,0.534433901,0.537526548,0.484501958,0.392274141,0.39170295,0.657999218,0.641728282,0.531261742,0.384121895,0.417783201,29.87834167,30.49144936,30.19457436,28.98250961,28.70768166,23.93667603,24.66783905,24.26992226,23.78645897,23.34296989,18.04253578,18.90420914,18.40134621,18.63355064,18.02825546,0,18.80876923,19.5849247,20.2203064,19.64808083,19.6353817,2.973741293,3.159201384,3.190017462,2.894314289,2.844878435,111.360939,101.4265213,142.8757782,124.4878464,128.2883759,2244.561035,2100.666504,2384.936279,2394.623291,2212.747314,22.85265732,22.91567039,22.99010658,23.05932426,22.94823074,22.16164207,21.78762245,22.17354584,22.32759285,22.50792313,22.40524101,22.41766167,853.5029297,8.258138657,12.30530167,14.74309921,14.39946747,16.48226547,138.7089691,161.0680847,186.0925293,211.5479736,236.2141724,6.449549198,7.489181042,8.652742386,9.836343765,10.98324776,12.38509083,11.82262516,13.92228699,13.20130157,13.40327263
ZZ201500000002,ZZGE61FL,ZZ,2015,2,ZZ2015DHS,336.2368774,515.1213989,487.4579163,529.6351318,580.1845093,35.45849991,30.74451065,41.30105591,42.71812439,45.37285614,22.11164093,22.3885994,22.63839149,22.54765129,22.77872086,12.19926262,11.94185448,12.14746857,11.09354687,11.01507568,NA,1547.353516,0.460185796,0.463301808,0.507025778,0.475076526,0.46875307,0,0,0,0,0,21,15,0,0.012939026,0.01071867,0.196306482,0.258676946,0.455171049,18.67032051,18.94604874,19.31155777,19.10957718,19.33769798,0.007920793,10.78855991,0.895291209,0.935237706,0.013168767,0.438994348,0.356132448,0.348837942,0.228129834,0.27288565,0.445999295,0.317359149,0.307393491,0.17139414,0.243883252,27.1052227,27.78001976,27.36889458,26.22654724,25.95085335,20.97967339,21.78310204,21.27653503,20.65596199,20.41449738,14.90596104,15.83816528,15.22142696,15.13300037,14.93577862,0,15.22900009,15.50349712,15.98472214,15.67150497,15.89667606,2.878732681,3.090596199,3.0520401,2.751591444,2.795645237,102.0755386,95.01886749,126.052475,117.5428238,126.8464127,2022.411255,1978.937744,2278.181396,1997.405029,1954.119385,18.27415657,18.24899101,18.35150909,18.47277069,18.21538544,17.80349541,18.08109665,18.63946915,18.61210442,18.44529152,18.02009583,18.03829384,293.6708984,73.44779205,102.8760147,94.81822205,94.46087646,98.13783264,237.7242584,280.2159424,328.6447449,379.2460327,429.865448,11.05232239,13.02785397,15.27941513,17.63197899,19.9853878,13.95451736,13.29357624,16.35498619,14.88004875,15.52781773
ZZ201500000003,ZZGE61FL,ZZ,2015,3,ZZ2015DHS,1067.947632,1111.692627,1911.613159,1892.705811,2382.422363,34.41145706,30.38479614,28.5144043,37.5668335,38.56983948,29.14040375,28.34372711,28.87981415,29.18101883,29.27824211,12.3337822,12.04878521,12.26079369,11.18467903,11.17170143,NA,542.2939453,0.423388094,0.433887541,0.449091256,0.423223257,0.452439547,0,0,0,0,0,22.06549263,11,0,0.041362744,0.048383046,0.290656894,0.440399349,0.579919577,24.39148712,24.29522324,24.64596558,24.93184853,25.21395302,0.000294021,7.691236973,0.548399627,0.494110584,0.005675836,0.441850722,0.432438403,0.40552476,0.454900384,0.274799258,0.469748318,0.426295072,0.413137287,0.444890171,0.247784838,31.48670578,32.14412689,31.7379055,30.83575058,30.32450867,25.29832268,26.0918541,25.5841732,25.22556496,24.71938705,19.15292168,20.09534073,19.47711182,19.65107155,19.15280724,0,19.64256859,20.24671936,20.412117,20.68267632,21.14966393,3.21513319,3.448379755,3.464091539,3.19395256,3.110894203,110.637413,104.7783127,98.77650452,119.9866867,119.9866867,1403.924927,1416.5,1319.499634,1468.887573,1332.884399,24.67946053,25.15233231,25.3990078,25.21489525,25.50932312,24.81888771,24.41659927,25.05353355,25.02808762,24.74058342,24.62894058,24.57357025,70.48339844,200.2306213,205.2399902,316.5224609,347.7649231,415.5726929,479.0283203,556.2449951,642.6663818,730.5761719,815.7603149,22.32795334,25.92709541,29.95527649,34.05283356,38.02334595,10.60680866,10.04904175,11.35965252,11.28343391,11.28343487
ZZ201500000004,ZZGE61FL,ZZ,2015,4,ZZ2015DHS,406.8495483,689.0862427,601.7745972,1054.366577,1333.119263,36.35285568,31.01558495,37.79637146,40.0794754,42.79318237,25.84613609,25.86531258,26.44732666,26.06792831,26.77322769,11.9127903,11.59062481,11.84596348,10.72058773,10.77064514,NA,612.3632813,0.491655707,0.501192808,0.526789665,0.506851733,0.522348702,0,0,0,0,0,32.36372757,13,0,0.03579253,0.033957731,0.299262136,0.523300588,0.530581474,22.94521904,23.07570457,23.42790604,23.29858208,23.42492294,0.004625852,8.125983238,1.079818726,0.307048112,0.009779111,0.529691279,0.528029621,0.504536092,0.457636774,0.342781454,0.634673834,0.605861545,0.565544546,0.477991581,0.333479613,30.40999794,30.94437218,30.60241699,29.61678314,29.19592094,24.42634583,25.13537407,24.66558266,24.23780441,23.7772274,18.49720764,19.35374641,18.75645256,18.89619446,18.4252758,0,20.04430199,20.28609657,20.40848541,20.52923393,20.0766201,3.065494776,3.259534121,3.286964655,3.010980844,2.949146509,111.4394836,101.0963516,124.2353287,120.6785278,126.2033615,2012.089355,1935.40979,1994.597656,2110.309082,1950.807251,23.84799957,23.88522911,23.98733521,23.92426872,23.80839157,23.18264389,23.1010952,23.70275307,23.86931419,23.69417191,23.49229813,23.59489822,103.3642578,98.43237305,128.9581146,152.6784973,204.3350983,245.006012,202.6160736,229.5824127,258.8319092,287.1160889,312.8343506,9.427021027,10.68167114,12.04254818,13.35851288,14.55509377,12.16736221,11.572052,13.78789616,12.93181419,13.20688915
ZZ201500000005,ZZGE61FL,ZZ,2015,5,ZZ2015DHS,428.9876709,739.7484131,797.3355713,968.7572632,991.5918579,39.49070358,33.88357162,41.17796707,44.1185112,45.98838043,26.58659172,26.03798676,26.2652092,26.09892464,26.92045212,11.57712746,11.26054764,11.50894165,10.37725735,10.47669315,NA,582.1367188,0.504068971,0.505212307,0.52052623,0.50708282,0.529137909,0,0,0,0,0,18.05862617,14,0,0.031414039,0.037464891,0.290156245,0.527370811,0.56776017,23.22410774,23.35312462,23.35320854,23.39107704,23.7966156,0.003382886,10.60138321,0.793645144,0.360851556,0.010018671,0.487840354,0.492922425,0.454482138,0.449678838,0.303513139,0.553865314,0.516795456,0.46828863,0.461747319,0.286503315,30.04244804,30.60099983,30.31119919,29.32217979,28.89010429,24.23606873,24.94926262,24.53302956,24.11115456,23.62860298,18.46532059,19.34045219,18.80225754,18.94492149,18.41341209,0,19.86162567,20.66826439,20.44120789,20.68322945,20.67277718,2.952821255,3.157855988,3.18216157,2.907769203,2.841927052,116.6089859,106.9994354,131.0349426,128.2864685,130.6956177,2013.376343,1945.793091,1979.957764,2127.184814,1972.310791,23.94383621,24.0480175,24.15375137,24.16059494,24.01651001,23.34077644,23.16505051,23.61052513,23.85142517,23.78014565,23.64373779,23.70967102,142.1298828,90.97192383,137.1723175,172.7194366,180.4535065,175.3282166,246.7735748,284.609314,326.6375122,368.8883057,409.2528992,11.48009396,13.24024105,15.19542408,17.16096306,19.03875542,11.91098499,11.4144659,13.72670555,12.78372383,12.8988018
ZZ201500000006,ZZGE61FL,ZZ,2015,6,ZZ2015DHS,1588.737183,1990.829346,2787.769043,3808.409424,6113.593262,28.47457123,26.72315407,24.403759,32.18522263,32.8928566,30.96238708,30.28923607,30.86093712,29.66857719,30.1195488,13.00160599,12.64570332,12.94687462,11.9541235,11.80633736,4,619.8212891,0.37997672,0.388257474,0.402270138,0.415226221,0.416568279,0,0,0,0,0,32.97254944,10,0,0.039947201,0.031163519,0.255452812,0.530619025,0.554361522,25.12398911,25.28244781,25.48633766,24.95513725,25.56824684,0.01292178,1.307231307,0.041871823,0.054791756,0.005122508,0.540816426,0.566898763,0.564652264,0.547017932,0.419695586,0.693476677,0.78340894,0.749410391,0.663360178,0.44863525,31.73381233,32.4241333,31.89045143,31.13480949,30.51145935,25.20586014,26.07591248,25.3934021,25.13168526,24.57808304,18.73220444,19.77842903,18.94357681,19.18068695,18.70512199,0,19.28559113,20.27565956,20.1117363,20.24169922,21.01694489,3.400173664,3.664019108,3.623611212,3.35507822,3.28289938,96.8184967,97.91415405,88.42973328,107.9839401,107.9839401,1282.147217,1159.875488,1110.939331,1391.748901,1240.059082,23.80425072,24.09918976,24.39022255,24.34961891,24.50968552,23.28886032,23.54854012,24.59343529,24.60264015,24.09054375,23.3202877,23.44120216,19.04492188,278.0267944,351.844574,510.6985474,750.1169434,1142.692017,341.8721008,500.8896484,730.1884766,1047.341553,1475.566895,15.9614563,23.38572884,34.09132004,48.89868546,68.89183044,9.489726067,9.234041214,10.01207447,10.28155327,10.28155327
ZZ201500000007,ZZGE61FL,ZZ,2015,7,ZZ2015DHS,1668.483398,1949.333496,2163.023926,2984.985107,3736.394043,30.85017014,27.69458961,40.10364532,38.28143311,37.72324753,25.0596981,25.54135513,25.33197975,24.90274239,24.84378242,12.31844616,11.99639797,12.24921894,11.26475716,11.27209187,NA,1544.234375,0.501589596,0.53362602,0.543279171,0.548288941,0.545025468,0,0,0,0,0,26.31763077,14,0,0.01846166,0.017498,0.112177081,0.492762059,0.636860013,19.69049263,20.54539299,20.41693115,20.19263077,20.45032501,0.060109612,43.76234055,2.905228376,3.83784318,0.083773613,0.43652764,0.3402794,0.380667448,0.165988892,0.231164083,0.431237221,0.295025438,0.340318322,0.107733101,0.192410976,27.0958786,27.7057724,27.59752655,26.56645012,26.18927956,20.90872383,21.67586899,21.43910599,20.90937614,20.52912331,14.77743149,15.70937538,15.34830761,15.30169296,14.91718769,0,14.32128811,15.5494318,15.50188446,15.4825182,16.0568676,2.910460234,3.128342152,3.083767414,2.773784876,2.877517462,89.78819275,86.63815308,123.670311,106.1844559,108.5493088,1537.938843,1415.002563,1768.791382,1509.498901,1452.90979,18.81822014,19.31513977,19.46044731,19.51763153,19.47703743,18.85379791,18.47747803,18.73255348,18.79900169,18.73082352,18.69782639,18.76357841,36.16015625,325.8708801,389.3056641,382.153595,532.3745728,632.008606,488.1577759,575.4128418,674.8596191,778.7674561,882.7125244,22.69055557,26.74634743,31.36883354,36.19867706,41.03025436,14.2953825,13.66392803,15.7815876,15.38828087,15.68877125
ZZ201500000008,ZZGE61FL,ZZ,2015,8,ZZ2015DHS,1407.189697,1432.466187,1856.16394,1822.683228,2122.527344,22.21208382,23.13854027,22.43616104,26.13546371,30.59710503,31.17568207,29.73319435,29.55440903,28.84468842,29.43114662,12.17782116,11.82113743,12.07669258,11.01636314,10.58715343,1,1202.924805,0.278291076,0.325485438,0.331152946,0.344356775,0.346138775,0,0,0,0,0,27.67228127,9,0,0.020810882,0.065913685,0.502346158,0.641620696,0.286725909,23.35011292,23.10676956,23.02428818,22.7580204,23.14404678,2.866441488,38.35573959,0.256824136,0.350491196,1.045580864,0.504444122,0.404075056,0.2644023,0.148155615,0.204813957,0.543515086,0.373312235,0.201926142,0.089317985,0.146440148,28.72738647,29.31067848,28.94791794,28.18376732,27.71632004,22.61341286,23.37599754,22.88272667,22.64778709,22.39670181,16.54956627,17.4895401,16.87122536,17.16740417,17.12916756,0,15.52454567,16.48034668,16.49416542,16.67135429,16.85694695,3.60794282,3.864670277,3.776345491,3.582118034,3.545312643,80.13993073,89.42282867,84.7266922,93.62031555,108.4763031,1140.207275,984.7279663,1094.375732,1479.897949,1242.007935,20.69691849,20.73621368,20.72743416,20.78814507,20.60244179,19.714571,19.64264297,21.10336113,22.27750397,22.20503235,20.88135719,20.52550697,62.55859375,254.2845612,299.1472778,349.7228394,348.4289856,384.669281,1824.534302,2079.634521,2397.669678,2756.152832,3132.083496,85.08164215,96.9774704,111.8080826,128.5248566,146.0552521,11.6111021,11.87203503,12.65820313,12.91380119,13.70780373
ZZ201500000009,ZZGE61FL,ZZ,2015,9,ZZ2015DHS,357.05896,430.6737976,448.5219727,483.1028137,549.0276489,39.26740265,32.71147537,43.81051636,43.2531662,48.98865891,22.62037849,22.67562485,22.92597198,22.79878426,22.88763809,12.13854218,11.85195351,12.08984375,11.00368881,10.88250923,NA,1554.705078,0.40306896,0.414400339,0.436955035,0.418751359,0.421509564,0,0,0,0,0,16.95347404,13,0,0.010179923,0.006994288,0.17675738,0.414798886,0.271625936,19.06450272,19.4119606,19.7395649,19.38871574,19.79594421,0.006080439,12.53811646,0.708857298,0.524436057,0.005851037,0.509668052,0.51655817,0.526000798,0.325766981,0.32354337,0.5714522,0.544142127,0.576645672,0.286658585,0.302969486,26.99717903,27.65815926,27.19383621,26.1197052,25.76918411,20.90585899,21.703125,21.11996651,20.59743881,20.29978371,14.85863686,15.8062067,15.10399342,15.11601543,14.88667583,0,15.50862503,16.14829636,16.55315971,15.97864628,16.70424843,2.898263931,3.097526073,3.062283039,2.842447996,2.808680534,113.8072968,101.3246536,134.160202,122.9448776,137.5934906,1977.191162,1951.81604,2201.00415,2023.364868,1643.472046,18.19704056,18.05761528,18.07655334,18.53170776,18.3214016,17.56143188,18.16954803,19.00630188,19.063694,18.58862877,18.02979851,17.89170647,650.5615234,62.29943466,80.59786987,83.54411316,93.62480164,100.9025116,2518.231201,2853.384521,3216.914551,3568.447021,3888.088135,117.1332855,132.722641,149.6319275,165.983139,180.8509674,13.73547268,13.05748653,15.57095432,14.54505253,15.31674004
ZZ201500000010,ZZGE61FL,ZZ,2015,10,ZZ2015DHS,1391.634888,2080.125244,2454.330566,7774.769043,10046.17773,40.52074432,34.23994827,50.74738312,45.91698074,46.79859924,26.1478405,26.55937576,26.60604095,25.65802002,26.98093414,11.7144537,11.33098984,11.62421894,10.10755253,10.43723965,NA,551.4804688,0.523316443,0.54836458,0.549521327,0.546257794,0.562398434,0,0,0,0,0,34.76131439,15,0,0.048528723,0.037167322,0.290959477,0.498714596,0.587779045,22.84585762,23.2135067,23.66670799,22.99798965,24.06677437,0.006030168,166.6052551,2.185288191,2.371207714,0.062244855,0.539851367,0.550567567,0.504454911,0.358256429,0.334327906,0.665379584,0.705542922,0.581380367,0.337300777,0.333109677,30.61927223,31.09218788,30.93867302,29.74296951,29.47500038,24.73359299,25.40572929,25.10065079,24.66132736,24.23007774,18.90481758,19.76119804,19.31445313,19.63541794,19.03775978,0.080335982,19.54387474,19.86763954,20.72737503,20.33795929,21.15261459,2.950000048,3.137630224,3.168880224,2.879687548,2.838150978,119.5362015,107.4322891,160.8123627,132.2265625,132.8214874,2051.875,2021.500732,2092.374023,2067.559814,1993.641113,24.14787292,24.25018692,24.3420105,24.49220657,24.24833488,23.66191292,23.25368881,23.46415329,23.7351265,23.96615601,23.76445198,23.90996361,79.51367188,293.4398804,384.0314331,654.8886719,1428.532593,1752.383301,138.7115479,161.0710602,186.0959778,211.5518951,236.2185516,6.449549675,7.489180565,8.652742386,9.836343765,10.98324776,11.8865366,11.33052063,13.02154922,12.64270782,12.67260361
ZZ201500000011,ZZGE61FL,ZZ,2015,11,ZZ2015DHS,121.2994308,163.3662415,215.3968964,235.072052,297.1488342,44.58162689,35.9861145,42.03691864,46.72579575,47.7040329,25.73996353,26.2165966,27.08190918,26.48045158,26.72805023,11.4125433,10.95742226,11.31124115,9.83658886,10.08819485,NA,515.2333984,0.471084863,0.48574999,0.498412013,0.494339406,0.511015594,0,0,0,0,0,29.08946609,14,0,0.043671321,0.046379343,0.286974758,0.541514695,0.582513034,22.93052483,23.70644188,24.28748131,23.44815636,23.83358765,0.002856043,12.31158733,0.797101676,0.395801991,0.011188923,0.441696316,0.41773048,0.394170314,0.355695099,0.248533905,0.463389724,0.399020046,0.375274152,0.323051512,0.215604886,30.73741341,31.14861107,31.06263161,29.98090363,29.65920258,25.00980949,25.64266586,25.37196159,25.04544258,24.59483528,19.32486916,20.19118881,19.75138855,20.14431381,19.57100677,0,20.12108803,21.19628906,21.49305534,20.41586113,20.93912506,2.934722185,3.150217056,3.188411474,2.899479151,2.840581656,130.8346863,113.3640671,134.0309906,135.4804688,135.5072021,1622.310547,1561.601685,1523.581787,1488.832642,1457.685669,24.41343689,24.59872437,24.76922035,24.88302803,24.81287384,24.10188484,23.53520203,23.95399666,24.3015728,24.42651176,24.35331154,24.35588455,138.4667969,24.29831886,30.16057205,43.95870209,43.19203186,51.83251572,80.86637878,93.90158081,108.4906616,123.3310089,137.7112427,3.763323545,4.369949818,5.048890114,5.739523411,6.408744335,11.44201374,10.69957447,12.31822491,11.99600697,11.99700928
ZZ201500000012,ZZGE61FL,ZZ,2015,12,ZZ2015DHS,7074.996582,8898.832031,11834.4541,14572.85449,19092.57227,29.61384964,26.5834465,36.11930466,41.18925858,40.08886719,28.80541611,27.02079773,27.409132,27.15857506,26.70829201,12.55803013,12.31849003,12.50130272,11.51241302,11.17842865,NA,1748.414063,0.326737702,0.408722222,0.390680909,0.381689221,0.390721351,0,0,0,0,0,42.29415894,12,2.514134169,0.012949089,0.014072743,0.646544635,0.618261278,0.151281297,21.69649696,21.15447998,21.23864555,21.29720497,21.19394112,12.74729347,23.23184204,24.36355972,0.05852719,12.65073204,0.223509893,0.043725211,0.076756269,0.076692306,0.055144228,0.171592042,0.022122715,0.041355301,0.041905846,0.030163057,26.28802109,26.9427948,26.52573776,25.6328125,25.27508736,19.98350716,20.75842094,20.24626923,19.85477448,19.66367149,13.72999096,14.62430573,14.024436,14.12039948,14.09665775,0.027855111,14.58757591,15.28815937,15.0681591,15.43583298,15.67958927,2.981380224,3.176388979,3.125043392,2.958116293,2.915234327,88.2901535,84.43936157,112.8743973,121.8426208,116.8684464,837.9403687,1007.710754,1188.460327,1080.359985,1319.557861,19.30897141,19.16835213,19.15104866,18.9733696,18.92299652,18.5956955,19.04428864,20.02293587,19.82081223,19.28255653,18.82909393,19.03137779,18.14941406,866.9691772,1138.202759,1405.300903,1689.048462,2026.568115,7648.79541,9798.663086,12664.56055,15990.10352,19785.11523,355.8172302,455.8277588,589.147522,743.8497314,920.3913574,14.03716087,13.77918339,15.98924065,15.78915405,16.43513489
ZZ201500000013,ZZGE61FL,ZZ,2015,13,ZZ2015DHS,79.29602814,117.4953461,200.2163391,190.1352234,212.5734711,35.64565659,30.45753098,36.16890335,38.98415375,41.64845276,25.62223434,25.69898224,26.44004631,25.81407356,26.48100281,11.97899342,11.64304161,11.90892601,10.77566528,10.81302071,NA,664.5126953,0.496114612,0.500897527,0.502774,0.468805373,0.514222085,0,0,0,0,0,21.27115059,13,0,0.038654931,0.029018367,0.272054881,0.467402339,0.497377157,22.70389938,22.95692062,23.7433567,23.19238281,23.60585022,0.004562567,9.603552818,0.778183937,0.295366138,0.007800079,0.526096046,0.521828294,0.502894521,0.492391884,0.342707753,0.624789536,0.580909431,0.561916232,0.524177313,0.335200369,30.6934185,31.21574211,30.86700058,29.90465927,29.47158623,24.67663574,25.37158585,24.90438461,24.50363159,24.03298569,18.71442413,19.5727005,18.95807266,19.12899399,18.65856552,0,19.78556633,20.21486092,21.0466671,20.57069397,20.73069763,3.105700254,3.314380884,3.337847233,3.057031393,2.987369776,110.7047195,100.9478607,120.7262726,119.1757813,124.4193268,2032.955444,1854.636475,1923.240356,2048.455078,1950.363647,23.72817993,23.78168488,23.89053345,23.83031082,23.7513485,23.13907433,23.04357338,23.66621971,23.91349792,23.66976547,23.50755692,23.55776405,283.6162109,15.44028187,21.98850822,40.19728088,36.84799957,39.06760788,202.5607605,229.5197296,258.761261,287.0377197,312.7489319,9.427021027,10.68167019,12.04254818,13.35851288,14.55509281,11.9723568,11.40423107,13.43912315,12.74202824,12.99695969
ZZ201500000014,ZZGE61FL,ZZ,2015,14,ZZ2015DHS,4303.602539,5108.230469,6204.123047,6878.035156,9050.270508,44.35774231,36.53922272,49.61170197,48.6402092,55.20112991,22.31886292,22.19107628,22.23996544,22.10409737,22.66919518,11.77743053,11.49457455,11.72890663,10.64492226,10.49596405,NA,1740.84668,0.464395463,0.483539611,0.48954618,0.467025012,0.478298575,0,0,0,0,0,26.50695229,14,0,0.013366641,0.006529664,0.227603972,0.470453888,0.317809552,17.59316254,17.83277702,17.83703232,16.91069412,18.2711792,0.024827421,17.80800247,1.62008822,1.720698357,0.026949825,0,0,0,0,0,0,0,0,0,0,25.15768242,25.83281326,25.35199547,24.27543449,23.94262123,19.25177956,20.05590439,19.45850754,18.93728256,18.66827202,13.38025188,14.33823776,13.62309074,13.63051224,13.44665813,0,12.86746216,13.47447968,13.43409729,11.71729183,13.87316513,2.769097328,2.964973927,2.92105031,2.708940983,2.696180582,122.8309097,108.3378525,144.9182739,131.7634583,148.8322144,1829.729614,1823.667847,1881.501587,1822.064209,1619.689575,17.2824192,17.25721169,17.3790741,17.29315758,17.3346405,16.83531761,16.79292297,17.26661682,17.41858864,17.31974983,17.04395103,17.04413986,73.37109375,778.8917236,955.9728394,1240.826904,1332.955811,1663.295166,2518.161865,2853.306152,3216.826172,3568.348877,3887.981445,117.1332855,132.7226563,149.6319275,165.983139,180.8509827,14.14369297,13.44785976,16.08036423,14.98619843,15.81874561
ZZ201500000015,ZZGE61FL,ZZ,2015,15,ZZ2015DHS,12131.69238,12364.78027,14104.50977,15749.52148,17244.74219,36.2187767,31.32385445,41.83581161,53.14567566,45.10802078,26.69579506,25.87555695,25.17972183,25.49173737,24.90120888,12.70503521,12.47270012,12.65442753,11.66996574,11.41623306,NA,1980.253906,0.343412489,0.396568388,0.411580026,0.40303421,0.433215469,0,0.019965278,0.002795139,0.01187934,0.000698785,32.47454834,14,0,0.009577934,0.006722148,0.195206791,0.448314786,0.478402048,19.25742531,18.92333412,18.83324623,18.50626755,18.7348423,22.1177063,106.4486008,78.44764709,4.116125584,2.062569618,0,0,0,0,0,0,0,0,0,0,23.5308609,24.26037216,23.82981873,22.73493958,22.53550339,17.15711784,18.00269127,17.48077393,16.87239647,16.79262161,10.82582474,11.78767395,11.17539024,11.06497383,11.11927128,0.007719487,11.81905365,11.9711113,12.48677063,11.52079868,12.56847572,2.585026026,2.777300358,2.721701384,2.48090291,2.585199594,93.62647247,86.99575043,113.8645859,131.8492584,116.6132355,1083.15271,1086.109985,1566.238647,1269.196655,1294.767456,16.06030655,16.0276947,15.89051819,15.85204506,15.71852112,15.30919361,15.73771572,15.92660141,15.94859791,15.835042,15.57994366,15.83810616,63.15039063,2189.213867,2371.491943,2586.10498,2813.324951,2942.281738,12064.95703,13678.77539,15447.41016,17277.66016,19165.83594,560.944397,635.9768066,718.2071533,803.3022461,891.0905151,15.6303339,14.91845894,17.81971741,17.22638893,17.58552551
ZZ201500000016,ZZGE61FL,ZZ,2015,16,ZZ2015DHS,543.9908447,558.3366089,612.968689,682.9437866,961.6395264,29.48794746,27.62095261,27.27784348,33.74433136,34.78136444,28.73671722,28.11837959,28.3014698,27.40447807,28.0843544,12.71079254,12.37582493,12.63370991,11.52374172,11.46173382,NA,652.4072266,0.466829479,0.487192571,0.480165631,0.471551061,0.491336703,0,0,0,0,0,30.50759125,11,0,0.038570028,0.036357988,0.270277649,0.46240887,0.538935423,24.14194489,24.25057983,24.33863449,23.94119835,24.54225159,0.002669524,7.179324627,0.556505919,0.27100721,0.003971934,0.535071492,0.562599123,0.544794738,0.524624944,0.377377868,0.662722349,0.739406049,0.684044302,0.594654918,0.388941497,31.1973381,31.96821594,31.38265419,30.46375847,29.88900566,24.82725716,25.7594471,25.04610825,24.67701149,24.13475227,18.48654556,19.59239006,18.74894333,18.9400177,18.4272728,0,19.54717255,20.38277817,20.37579918,20.47791672,21.00014687,3.362066031,3.62446475,3.578877449,3.320297956,3.229528427,99.14041901,100.1111679,97.62406158,112.0412369,112.3274002,1388.160034,1295.390503,1209.43103,1663.219482,1368.661743,23.65974426,23.95262337,24.20830917,24.17762947,24.30072403,23.52803421,23.4444046,24.20073891,24.35953712,23.96508598,23.37810326,23.46288681,140.7050781,94.36620331,103.0797577,114.2392807,125.4837952,167.7415161,284.9669495,330.9020386,382.3128357,434.6091003,485.283905,13.29174137,15.43429565,17.83225441,20.27151489,22.63514519,10.24574471,10.06093216,11.29313564,11.23738384,11.24996185
ZZ201500000017,ZZGE61FL,ZZ,2015,17,ZZ2015DHS,115.3612442,154.157135,165.8303375,133.3838501,167.556778,31.35655594,28.1856308,26.19852257,34.87773514,35.68709946,27.30617523,28.08677101,27.56789398,27.77983856,27.35381317,12.76271725,12.50395012,12.69638348,11.60238743,11.59263611,NA,614.2119141,0.463750154,0.454633892,0.493753403,0.4668369,0.502874076,0,0,0,0,0,21.14003944,11,0,0.033313621,0.031871147,0.24077116,0.439100653,0.551526368,23.51532745,24.33844948,24.11467552,24.09838486,24.09424591,0.000528263,7.79077816,0.571251273,0.288746238,0.003909885,0.527730823,0.565286636,0.546651304,0.546358883,0.404246867,0.644946516,0.751681924,0.697964072,0.662199914,0.424931377,31.94574738,32.66112518,32.16377258,31.28713989,30.73237991,25.54720879,26.36932945,25.79091454,25.46061897,24.91854858,19.18302917,20.15717697,19.46739006,19.68475151,19.1397419,0,19.72448158,20.59012794,20.66145897,20.41693306,20.83467674,3.312181711,3.593475103,3.574783087,3.292462349,3.217809677,103.8586121,101.2843628,93.65403748,114.8336258,114.8342896,1397.131836,1391.37439,1219.49353,1478.933594,1342.0896,23.98075485,24.3563633,24.71818924,24.67181778,24.92572212,24.24419212,24.03633499,24.61443329,24.52079582,24.08423996,23.8244381,23.82954788,266.7890625,20.38329124,28.46039391,27.04535866,24.5078907,29.22740555,478.697876,555.8613281,642.2230225,730.0722046,815.1976318,22.32795143,25.92709351,29.95527077,34.05282974,38.02334213,9.934118271,9.525567055,10.71772575,10.71067715,10.71067715
ZZ201500000018,ZZGE61FL,ZZ,2015,18,ZZ2015DHS,21057.10352,28303.02344,31251.24805,45543.47656,55072.66797,39.65547943,33.78765869,46.26430511,53.67558289,50.85873795,27.11352348,26.8205204,27.10250092,26.70677185,26.97739983,12.09869862,11.84830761,12.04752636,11.01315117,10.83307362,NA,1590.935547,0.346234649,0.373059899,0.36917761,0.369362503,0.380216986,0,0,0,0,0,24.47555733,14,0,0.014980925,0.010663771,0.310418099,0.230753884,0.498418838,20.6108532,20.28541756,20.73015594,19.95442772,20.59104156,0.035396468,99.73860168,77.86698151,3.217651606,25.49223709,0.322298884,0.148163512,0.207806528,0.12411499,0.15784131,0.281118363,0.09170334,0.142068237,0.071828529,0.109057352,24.94557381,25.65468788,25.21041679,24.0856781,23.82760429,18.87252617,19.70716095,19.15963554,18.56197929,18.38515663,12.84687519,13.80638027,13.16289043,13.07252598,12.99453163,0.037718792,14.10818195,13.75031281,14.35781288,13.20208359,14.20468426,2.739713669,2.956249952,2.901171923,2.668229103,2.684114695,108.6446609,99.88476563,134.2207031,143.21875,136.5106812,1116.695801,1055.008301,1439.074951,1342.008179,1232.767212,17.96250725,17.8940506,17.86665535,17.77044487,17.64309692,17.3116169,17.73171234,18.18910789,17.9073143,17.85729218,17.54282761,17.6199913,6.109375,4821.956055,5652.458496,6940.930664,8122.717773,9315.505859,3116.782227,3673.887207,4308.833496,4972.262207,5635.929199,147.1502075,173.4523621,203.4295807,234.7515259,266.0847168,14.61106777,13.94779873,16.81084633,16.1092453,16.44007874
ZZ201500000019,ZZGE61FL,ZZ,2015,19,ZZ2015DHS,243.7612915,226.1526642,270.3781738,251.8649902,285.8074036,29.70727158,27.5023365,27.97262955,33.50782776,35.50920105,30.42484856,29.34828758,29.784235,28.85202599,29.97455978,12.46671009,12.15455818,12.38449097,11.26893806,11.1885128,1,575.3642578,0.352562487,0.379809409,0.388856202,0.388586611,0.402006418,0,0,0,0,0,20,11,0,0.034593921,0.036595412,0.265923858,0.460400254,0.514351249,25.14762115,25.0474205,25.25970459,24.60233879,25.30237198,0.00929344,5.962533474,0.453501076,0.38153398,0.007741689,0.515980601,0.548178434,0.513685644,0.472480744,0.322598517,0.610444903,0.657293737,0.588978887,0.495770127,0.310961485,30.70195389,31.46202278,30.87230873,29.93800735,29.38862801,24.45266342,25.35536766,24.65578651,24.27919579,23.77120972,18.23524284,19.3074646,18.48781776,18.66906929,18.2001152,0,19.87039185,20.74655342,20.73517227,20.35264969,20.63018227,3.344632626,3.611357212,3.554904699,3.331915617,3.193995953,99.35990906,99.32076263,99.44003296,111.645256,113.4162445,1350.939819,1309.591064,1192.054443,1542.451294,1303.25293,24.04403305,24.29234695,24.44483376,24.40351677,24.57514381,23.76597023,23.70861053,24.49023628,24.73220634,24.42324448,23.81742668,23.85104752,286.6103516,45.66747284,41.75216293,54.36863708,46.27756119,49.85420227,285.0843506,331.0383606,382.4703369,434.7881165,485.4838257,13.29174232,15.43429661,17.83225632,20.27151489,22.63514519,10.85132313,10.63495445,11.91805172,11.84309864,11.92613125
ZZ201500000020,ZZGE61FL,ZZ,2015,20,ZZ2015DHS,10619.23828,15103.64746,17313.58008,19546.84375,24381.65039,37.9324646,32.76395798,44.71644211,55.55061722,49.0340538,23.27313232,22.65612411,22.42511559,21.72226906,22.24832153,12.24866962,12.00525188,12.19522572,11.18582249,10.95008659,NA,2356.263672,0.358678162,0.375026315,0.361562669,0.364632308,0.36938864,0,0.002673611,0.000283565,0.00120515,7.08912048139609e-05,36.52988052,14,0,0.009016509,0.009190349,0.489391237,0.23656559,0.20218192,15.60547924,15.67023754,15.8887558,14.75998306,15.88103485,224.2968597,47.65384293,144.4082794,32.83287811,35.15307999,0,0,0,0,0,0,0,0,0,0,24.40264893,25.11827278,24.68100357,23.60123062,23.34285355,18.25329971,19.09395218,18.55493355,17.9921875,17.84383774,12.15397835,13.1130209,12.48577881,12.41540813,12.392766,0.026465109,7.937828541,8.684351921,9.352396011,7.797697067,9.513748169,2.706119776,2.913035393,2.862326384,2.64872694,2.660344362,102.6497955,95.44256592,127.9930573,147.1384125,130.447464,1075.4729,1008.339783,1504.963257,1327.83667,1217.842773,14.99315643,15.05769253,14.98978138,14.77357864,14.63959408,14.39004707,14.70392418,14.98398304,15.0914793,14.9142189,14.57552528,14.81715584,2.763671875,1847.85791,2546.79541,2893.709717,2999.336182,3451.952637,10651.97656,12950.41113,15912.4209,19123.39453,22541.25977,495.3139038,602.1904907,739.9230957,889.2324829,1048.162231,14.89006519,14.30013466,17.03969765,16.70571709,16.8907299
ZZ201500000021,ZZGE61FL,ZZ,2015,21,ZZ2015DHS,37.51583862,45.56188965,50.58088303,68.94721985,75.34216309,35.17667007,30.73272705,34.87533951,38.64595032,41.26187897,25.27181816,25.61937523,25.74718666,25.17374992,26.01499939,12.04609394,11.70963573,11.96484375,10.83255196,10.85312557,NA,746.1103516,0.47710225,0.496795326,0.482495844,0.480542719,0.490610421,0,0,0,0,0,21,12,0,0.021942509,0.022891557,0.241361305,0.447461247,0.444290042,22.52606583,22.77257347,23.07977676,22.66172218,22.97602463,0.003157499,9.924478531,0.665718913,0.334575117,0.005419569,0.450511098,0.394580096,0.396593094,0.419347614,0.269185901,0.482860386,0.371731937,0.383933842,0.404289573,0.245127082,30.32213593,30.85807419,30.54882813,29.58059883,29.13593864,24.27955818,24.97473907,24.54596329,24.14908981,23.68046951,18.27604294,19.1484375,18.58398438,18.74804688,18.28281212,0,19.78031349,19.92577362,20.41236877,20.14969444,19.93704796,3.130078077,3.343489647,3.359114647,3.092578173,3.008593798,110.1057281,102.7545547,117.1502609,119.515625,124.1402359,1934.811157,1729.249146,1765.123169,1935.370972,1844.981689,23.41991997,23.51097107,23.66212845,23.6198082,23.5946064,22.9172821,22.66374969,23.27661514,23.55201912,23.32364464,23.19316673,23.28398323,579.9697266,7.036964417,8.526618004,10.08295631,13.36189747,13.84668446,202.4734955,229.4208527,258.6497803,286.9140625,312.6141968,9.427021027,10.68167114,12.04254913,13.35851383,14.55509377,11.89921856,11.42794228,13.28920555,12.76406193,12.98455715
ZZ201500000022,ZZGE61FL,ZZ,2015,22,ZZ2015DHS,270.7047424,266.7182617,264.3289185,480.1899109,635.7839966,42.17930603,35.5537529,38.94311142,45.83729172,46.88311768,26.920681,26.79770851,27.07868195,26.98524284,27.33868408,11.48797798,11.1823349,11.43593788,9.762065887,10.25095463,NA,535.5800781,0.476945788,0.489919424,0.484411418,0.492309719,0.499516875,0,0,0,0,0,29.74515152,14,0,0.040098477,0.051075667,0.295354277,0.543260098,0.585871816,23.58860588,24.01447868,24.25379181,24.45738792,24.20176315,0.003133164,11.66833591,0.799832463,0.417944759,0.010152665,0.434151053,0.367996216,0.35877344,0.385372698,0.245549679,0.442333341,0.337395012,0.329963058,0.359789133,0.209064081,30.35273552,30.87673569,30.64778709,29.45581627,29.21662331,24.58502769,25.25599098,24.89774323,24.55403709,24.06727409,18.86475563,19.69440079,19.21184921,19.69375038,18.96566963,0,20.25652695,21.23124886,21.42890167,21.929533,21.06484413,2.950260401,3.168880224,3.183159828,2.896918535,2.837065935,124.4399338,112.6655884,123.9621506,132.7868958,133.010498,1745.560791,1672.91626,1704.854126,1643.539795,1558.721802,24.31500435,24.51031303,24.7063427,24.76695633,24.67922974,23.99632454,23.54412651,23.95112991,24.26322746,24.26823235,24.24165916,24.27257919,134.1416016,63.63882828,49.24135971,61.84437561,88.22988129,110.901619,328.5567627,381.51828,440.7931213,501.0888367,559.5151367,15.29247761,17.75753975,20.51645088,23.32287979,26.04229736,11.53967381,10.88945675,12.85525131,12.2355032,12.24497795
ZZ201500000023,ZZGE61FL,ZZ,2015,23,ZZ2015DHS,16717.29297,19919.16992,22412.39258,28398.82617,32817.51172,36.17030334,31.52192307,42.30134201,52.96086121,45.89065552,23.4248867,23.31541634,22.99968719,23.77802086,23.14822769,12.5661459,12.33554745,12.51484394,11.5276041,11.26692772,NA,2118.912109,0.376974434,0.408761978,0.407539576,0.39530313,0.403954387,0,0.013854166,0.001822917,0.007747395,0.000455729,43.9858551,14,0,0.010733369,0.010183123,0.40576452,0.41235888,0.266276479,17.23096657,17.3359375,17.18869781,17.25265503,17.18324852,71.91964722,62.68315887,22.31423759,64.87690735,80.53878784,0,0,0,0,0,0,0,0,0,0,23.70898628,24.43085861,24.00377655,22.94778633,22.70494843,17.40364647,18.24088478,17.72278786,17.15989685,17.04192734,11.14283848,12.09531307,11.48893261,11.42018223,11.43802071,0.003840256,11.03704548,11.35645771,11.37770844,10.72729206,11.2182703,2.619400978,2.812369823,2.761979103,2.538541794,2.604296923,94.74452972,88.65130615,116.8354187,134.4433594,119.5128937,1105.319702,1089.069824,1596.700195,1376.261353,1388.981689,16.89733887,16.89411926,16.71945572,16.50253487,16.37646294,16.14668846,16.5226078,16.82700729,16.84249687,16.61553955,16.45272255,16.60842705,18.81835938,2942.798584,3350.010742,3809.545898,4338.182129,4622.897461,17070.1543,19380.30273,22236.46289,24947.01758,27437.9375,793.6960449,901.1090088,1033.909424,1159.939697,1275.757813,15.39696598,14.78238297,17.61621094,17.0785408,17.43951797
ZZ201500000024,ZZGE61FL,ZZ,2015,24,ZZ2015DHS,9206.130859,11241.74902,13042.14258,16837.86914,20758.23828,43.21180725,36.01403809,46.85707474,46.70029449,54.06210709,29.12885094,27.67174721,28.65276718,27.72834587,27.44276428,11.55693054,11.24244881,11.49661541,10.39254951,10.214468,1,1520.209961,0.342154115,0.374622107,0.390350401,0.385517836,0.397464693,0,0,0,0,0,31.90536308,13,0,0.015329349,0.00787391,0.324486613,0.621088803,0.24708657,21.7747612,21.60233307,22.19573975,21.53998756,21.52737045,0.022858046,24.23126221,3.381712914,1.734206915,0.025876766,0.330581814,0.272664219,0.265568584,0.143766418,0.1457396,0.284388185,0.214767396,0.205268338,0.088549107,0.099623822,25.53723907,26.14283752,25.68288612,24.61863518,24.24725151,19.73580933,20.49988556,19.91051865,19.3942852,19.12578201,13.98030949,14.90039063,14.18627071,14.22608471,14.03278351,0,14.42067146,15.53291702,15.73871517,15.35163212,15.61197567,2.826793909,3.032204866,2.993721247,2.787717104,2.744560242,122.1508713,109.2019424,140.2770233,130.1872101,148.376709,1464.713501,1369.435669,1398.312378,1571.300903,1305.501343,19.73028183,19.67937279,19.9133091,20.04864693,20.20977402,19.66232681,19.46508408,19.75946236,19.7763958,19.67656708,19.45183945,19.33805847,22.22070313,1747.081543,2103.821777,2650.137207,3263.160889,3815.032471,5668.526855,6422.955566,7241.260254,8032.558105,8752.069336,263.7807922,298.8875732,336.9667969,373.7892761,407.2712097,14.45642567,13.78797531,16.18914032,15.34111691,16.2989502
ZZ201500000025,ZZGE61FL,ZZ,2015,25,ZZ2015DHS,420.2177124,407.2684937,617.5908813,647.3832397,934.8269043,41.22092819,33.58511734,45.15729141,46.45893097,47.19753265,26.01736069,26.85917854,27.2501049,26.58469963,27.00895882,11.82634544,11.25059319,11.68124962,10.42201996,10.44458961,NA,528.7353516,0.495676011,0.523818851,0.527224958,0.5271101,0.554979682,0,0,0,0,0,15.69598198,15,0,0.043682761,0.031232389,0.277658015,0.503816426,0.563781857,22.65933609,23.73208809,24.16653824,23.73821831,23.8982048,0.001737276,2.905596972,0.253664255,0.18315798,0.00542883,0.565538824,0.569298387,0.562064409,0.498566628,0.454421639,0.800360858,0.878424227,0.755140662,0.533759892,0.532333732,30.83042526,31.20750809,31.17756081,30.07501411,29.70859337,24.89331627,25.56226921,25.31302071,24.8340416,24.4562645,19.00408173,19.9569149,19.49631119,19.65299606,19.26400566,0,19.3013134,20.60499954,21.08297348,20.89173508,20.7874527,2.933622837,3.134765625,3.170934677,2.89256382,2.848307371,120.926651,105.2814636,143.1908264,134.3854065,134.433075,2028.796631,1997.324829,2004.116821,1958.445068,1999.874634,24.42700768,24.56023216,24.60915756,24.76912689,24.56187057,23.95445633,23.46208763,23.57995224,23.87595177,24.12184525,23.87237167,24.11927986,208.03125,71.86382294,75.19049835,103.7457352,118.9381866,163.047821,159.7203827,185.4653625,214.2790833,243.5887909,271.9893799,7.424949646,8.621761322,9.961229324,11.32375526,12.64401817,11.95313168,11.14867973,12.72492599,12.60940361,12.61211777
ZZ201500000026,ZZGE61FL,ZZ,2015,26,ZZ2015DHS,561.9152832,468.4321899,553.7808838,429.537262,496.2012939,46.30976868,39.92014694,49.00836945,50.9171257,58.67298508,19.01326942,18.91129684,19.1644783,19.24403954,18.58223343,11.31610203,11.0229454,11.25543976,10.15151882,9.914221764,1,2847.4375,0.335521787,0.374418736,0.390702277,0.381908327,0.405509531,0.011313656,0.046951678,0.019233217,0.024890045,0.01187934,21,13,0,0.005412306,0.005355873,0.20174402,0.368028164,0.050115272,12.25498104,12.87732697,13.20860577,12.40072346,12.33200264,0.199682131,99.2168045,3.786800385,3.341121912,0.134078801,0,0,0,0,0,0,0,0,0,0,23.32375526,23.91374397,23.54052353,22.55798721,22.15804482,17.65047836,18.3791523,17.88336182,17.45251846,17.17220879,12.00765324,12.89079857,12.28508472,12.40646744,12.2438221,0,5.496691704,6.843356133,7.2527318,5.557407379,6.081771851,2.704253435,2.920471668,2.883709431,2.702069044,2.67689538,125.2333527,116.5856628,141.3258972,137.5815887,157.0614471,1542.909058,1351.383179,1485.401489,1821.973022,1532.545532,13.09726238,13.09866238,13.12979698,12.81091595,12.54718971,12.06485748,12.22716141,12.92632866,13.27446365,13.03100395,13.00463009,13.03679943,97.03320313,105.5547791,87.66410828,109.3545837,83.24385834,91.19386292,2804.535889,3177.793701,3582.654541,3974.153564,4330.135742,130.56633,147.943512,166.7919769,185.0183716,201.5912628,15.51629639,14.93698597,17.21327782,16.61723518,17.73672485
ZZ201500000027,ZZGE61FL,ZZ,2015,27,ZZ2015DHS,94.77973938,91.26307678,141.4804382,175.6931763,207.4247131,28.79434967,26.79183769,27.2597599,32.40935898,34.82318497,30.88170433,29.92937469,30.92954826,29.08524323,30.37889481,12.37447929,12.0582037,12.29227448,11.17712688,11.05993938,1,624.3066406,0.348436356,0.372175694,0.371267527,0.384944081,0.385165304,0,0,0,0,0,18.42031479,11,0,0.032296862,0.034870129,0.251688033,0.451587021,0.482186228,24.78370667,25.0337162,25.61522675,24.69872284,25.27330399,0.002609151,3.840315342,0.339793473,0.338002771,0.00205879,0.526466906,0.552413404,0.523210168,0.461829424,0.331054419,0.627020657,0.677071989,0.602309823,0.475536793,0.321490914,30.44696236,31.19435883,30.62782097,29.68524361,29.14605141,24.24587631,25.13342094,24.45546913,24.07144165,23.58993149,18.07248306,19.13615417,18.33554649,18.50811768,18.08611107,0,18.68570709,20.1380558,20.30090332,20.31220436,20.16771317,3.366710186,3.640885592,3.574826479,3.372265816,3.212977409,96.94223022,97.54601288,97.4489212,109.2929688,111.8861084,1342.16748,1302.751587,1271.666016,1672.916016,1354.612549,23.76064873,23.97612,24.10173035,24.12242699,24.41550255,23.48343277,23.43528366,24.25464249,24.57064438,24.26394463,23.55646324,23.59996605,439.1474609,17.73225021,16.84893227,27.2879467,32.28178406,36.18168259,285.0843506,331.0383606,382.4703369,434.788147,485.4838257,13.29174232,15.43429661,17.83225632,20.27151489,22.63514519,11.01114082,10.82495213,12.09690952,12.03385353,12.15894508
ZZ201500000028,ZZGE61FL,ZZ,2015,28,ZZ2015DHS,94.03417969,120.078331,142.998764,168.2823181,205.8603821,35.45843887,30.45683289,36.15605545,38.44177246,43.03719711,23.98022652,24.062603,24.33791542,24.32145882,24.59218597,12.18007851,11.88567734,12.10885429,10.98359394,10.90794277,1,1162.268555,0.440753996,0.432245314,0.446620315,0.42623803,0.434382945,0,0,0,0,0,17.75824356,12,0,0.016673621,0.016865978,0.23806864,0.512024224,0.327162266,20.8197155,21.20255089,21.62015152,21.44342804,21.81227112,0.00069976,9.204188347,0.682565272,0.322644919,0.005056546,0.493903846,0.500344336,0.473877043,0.370718926,0.289880008,0.557255328,0.528980792,0.489689499,0.344488293,0.26827383,28.99479294,29.60533905,29.15690041,28.18111992,27.74023438,22.890625,23.63763046,23.07981873,22.66250038,22.25468826,16.81471443,17.71966171,17.04804802,17.19752693,16.83229256,0,17.65920448,18.34250069,18.90238571,18.56539536,19.03235626,3.108072996,3.323958397,3.299088717,3.075911522,2.992968798,110.2074203,101.2372437,119.2820358,118.2434921,128.8089905,2167.563477,2077.064453,2181.939697,2341.44165,2017.557007,21.8285656,21.8800106,21.97031403,22.02721405,22.0229702,21.31295967,20.76997948,21.32932472,21.60239792,21.48871613,21.50935936,21.57748604,509.6748047,17.50597,22.47189522,28.5223732,32.6129303,37.83384705,620.4522705,703.0288086,792.5968628,879.2088623,957.9634399,28.88423538,32.72846603,36.89817047,40.93026733,44.59656906,13.01242161,12.43765545,14.42898369,13.85234356,14.40485668
ZZ201500000029,ZZGE61FL,ZZ,2015,29,ZZ2015DHS,124.3477707,139.8516388,176.8635254,270.5166931,433.5428162,33.35626602,29.78532219,43.83914566,41.59428024,41.36618423,23.65227318,24.23826408,24.30142403,24.42888832,24.35090446,12.13806438,11.85373306,12.06931496,11.07152843,11.0609808,NA,1139.448242,0.4220227,0.424620837,0.443454355,0.427491307,0.442566067,0,0,0,0,0,15,15,0,0.018949784,0.013976076,0.139083117,0.351351619,0.546434522,19.89513397,20.65349007,20.72583389,20.81123352,20.62019157,0.006092992,8.00844574,0.689155161,0.496743679,0.011723162,0.514474928,0.484120131,0.405468702,0.195949227,0.347552001,0.567114949,0.499879926,0.382265806,0.137377039,0.344372153,26.62769127,27.28532982,27.02382851,25.88845444,25.59748268,20.53038216,21.34409904,20.96072197,20.33111954,20.0311203,14.48962688,15.43159771,14.9545145,14.81692791,14.53650188,0,16.13799286,17.06871605,17.15024376,17.19357681,16.88947868,2.815755367,3.010590315,2.982161522,2.65872407,2.766666651,93.92308807,89.67139435,130.7354279,110.5877151,114.4464417,1857.399414,1806.190918,2082.1521,1879.943115,1798.151245,20.82410431,21.03867149,21.37301636,21.33919525,21.09945869,20.41440964,20.24505043,20.60293961,20.67009163,20.51327324,20.45402336,20.67314529,554.9375,25.72770691,27.93007469,33.30716705,48.24688339,73.33348083,1150.360474,1355.980103,1590.329712,1835.192017,2080.14209,53.47107315,63.02869034,73.92173004,85.30342865,96.68920135,14.27583313,13.60915756,15.7018795,15.29160213,15.70637608
ZZ201500000030,ZZGE61FL,ZZ,2015,30,ZZ2015DHS,1009.920837,1221.242432,1790.24939,2203.568848,2654.775635,33.15564346,29.71981621,29.06507874,36.83434296,37.92156982,26.7182579,26.64861107,27.21937561,27.29541588,27.38247108,12.44453144,12.16849041,12.36675358,11.25169277,11.26176262,NA,772.3818359,0.507827818,0.480611682,0.522369802,0.502255559,0.519946158,0,0,0,0,0,24.31240654,11,0,0.03541467,0.043297168,0.277654856,0.413546681,0.538960874,23.3819828,23.73888969,24.10524368,24.21522713,24.42953682,0.005274564,9.664654732,0.703357935,0.31508863,0.007221318,0.468292832,0.480008751,0.447418809,0.472368687,0.285191864,0.520201087,0.495895505,0.464701861,0.477381259,0.260258943,31.20846558,31.92543411,31.40950584,30.47261238,29.94500923,24.96254349,25.81523514,25.20303917,24.82738686,24.30056381,18.76393127,19.75694466,19.04275131,19.22092056,18.68324661,0,20.0457077,20.82916641,20.99110985,21.13503456,21.47660255,3.248177052,3.492534637,3.484027863,3.207986116,3.126171827,107.6954041,103.7974854,101.2635422,118.1640625,118.5493469,1450.374146,1432.707275,1312.354126,1526.835693,1361.246094,23.85601044,24.2245903,24.47848511,24.36182976,24.48491859,23.84795952,23.5779686,24.28208542,24.3178463,23.95697594,23.76421165,23.73214531,114.3330078,168.1053772,225.4650116,300.2954712,404.882782,463.0800781,479.0021667,556.2146606,642.6312866,730.5363159,815.7158203,22.32795143,25.92709351,29.95527267,34.05282974,38.02334213,10.74111557,10.30578136,11.6175251,11.53602409,11.55306816
ZZ201500000031,ZZGE61FL,ZZ,2015,31,ZZ2015DHS,8699.915039,9770.172852,13155.80664,13541.08789,14840.89063,45.75878143,37.92375183,51.99123001,53.97333145,57.60786438,23.72779083,23.51771927,23.47579765,23.38277817,23.26185608,11.60313988,11.33813667,11.55830479,10.49198532,10.29895878,NA,1653.022339,0.329869509,0.364264071,0.3876113,0.368989766,0.368766814,0,0,0,0,0,33.5067749,14,0,0.013371863,0.007509233,0.292048812,0.538276553,0.33591035,19.66420555,19.67986679,19.69664383,18.9201107,19.82071304,0.051310197,330.734375,279.6877747,2.454674006,93.48610687,0,0,0,0,0,0,0,0,0,0,23.90950584,24.59324265,24.11990738,23.03518486,22.73694992,18.08971405,18.89571762,18.31503296,17.77274323,17.56196404,12.30636597,13.25510693,12.56160355,12.54320049,12.4379921,0.022339342,15.60061932,15.84201336,15.91748905,14.45744228,16.37957001,2.687066078,2.885315418,2.838758707,2.630425453,2.630454302,122.9568787,109.4219818,147.5905609,141.9728394,151.5348511,1364.008423,1419.315308,1668.95459,1679.240112,1577.409424,17.69434166,17.66041183,17.59081459,17.6486969,17.59934235,17.1702919,17.16199875,17.6505127,17.63500023,17.61215973,17.36420059,17.32800865,49.85058594,1459.681274,1828.425781,2318.622559,2624.248047,2727.518311,2080.341553,2357.21582,2657.532471,2947.937744,3211.99707,117.1332932,132.7226563,149.6319275,165.9831543,180.8509674,14.53666782,13.86734295,16.59979439,15.6866293,16.37874603
ZZ201500000032,ZZGE61FL,ZZ,2015,32,ZZ2015DHS,6518.54834,6748.930176,8343.477539,8195.28418,8601.294922,38.85983276,33.31443787,45.73004913,56.20704651,50.46338272,22.31411743,21.97862244,22.83203697,22.03235054,22.6765213,12.03930855,11.79033566,11.98962688,10.96569824,10.73551846,NA,1498.603516,0.21339944,0.209154293,0.224534839,0.203338727,0.236697927,0,0.000133102,0,0,0,34.06315231,14,0,0.015877448,0.020243257,0.64681375,0.353922486,0.247873217,19.53436852,19.57073593,20.04916763,19.17848969,20.19132805,5.306528568,0.802100658,5.787778378,1.512456656,1.806838632,0.318193763,0.095712118,0.137705564,0.072984591,0.117542803,0.278812021,0.053819574,0.084655434,0.039804958,0.077904597,24.45131683,25.15789986,24.70163536,23.60266113,23.35480309,18.40283585,19.24139214,18.67815399,18.1101265,17.96604538,12.41200829,13.3675642,12.71200848,12.6369648,12.61928558,0.080849409,16.75462151,17.16284752,17.26629639,16.32462883,17.7061348,2.738758802,2.945732117,2.897063017,2.690465927,2.681409121,106.4277039,98.13540649,132.4828186,151.2231445,135.312973,901.0161133,907.430603,1251.158325,1074.052002,994.6997681,18.70214462,18.66675377,18.57684135,18.56798363,18.4257412,18.22465134,18.48115349,18.90671158,18.7107811,18.53865242,18.20303726,18.30314445,27.81054688,914.4296875,997.8269043,1117.970825,1104.891968,1069.827759,7706.418945,8723.323242,9917.568359,10969.45215,11846.46777,1060.924438,1200.919189,1365.328125,1510.138428,1630.875122,14.7213726,14.11858368,16.79955864,16.56625175,16.70604706
ZZ201500000033,ZZGE61FL,ZZ,2015,33,ZZ2015DHS,9141.125,14923.91895,9572.663086,27397.66992,32915.10938,31.7700901,28.38870621,41.14270401,39.44765472,38.73819733,24.54897881,24.86041641,24.70718765,24.45937538,24.22177315,12.28372383,11.96627617,12.2108078,11.24440098,11.22851563,NA,1770.661133,0.468248874,0.486051559,0.503713012,0.488253117,0.472567976,0,0,0,0,0,32.70811081,14,0,0.014750429,0.013650018,0.095065422,0.458884358,0.593631744,18.74164772,19.36628723,19.37242889,19.26734161,19.19416809,0.069241337,47.83898544,3.16031909,2.638173103,0.06318137,0.392870039,0.283803552,0.302689403,0.13388361,0.2061176,0.373956859,0.228199244,0.250049353,0.080544598,0.161631897,26.60976601,27.23073006,27.1016922,26.07226563,25.69648552,20.44023514,21.21614647,20.96354103,20.42473984,20.05716133,14.32604218,15.26445389,14.89088535,14.82786465,14.46796894,0,12.93431854,13.872159,14.03767109,14.07530689,14.16656494,2.853255272,3.071744919,3.028385401,2.716406345,2.826432228,90.6481781,87.2028656,124.5959625,107.1558533,109.4908905,1510.879517,1386.25354,1700.689819,1521.875977,1402.273193,17.53314781,17.91882515,18.23568726,18.37988091,18.31448555,17.70462608,17.27156448,17.64560318,17.76881599,17.80065155,17.6550293,17.6321888,10.21679688,2604.143066,2980.488281,2592.737061,4886.397461,5567.569336,13338.67773,15722.88086,18440.21484,21279.44531,24119.69531,620.0050659,730.8269653,857.1334229,989.105835,1121.12561,14.47207069,13.80710888,15.94759083,15.55790329,15.87733078
ZZ201500000034,ZZGE61FL,ZZ,2015,34,ZZ2015DHS,1725.782471,3959.741211,3005.820313,5957.316406,7036.35498,40.00331116,34.39815521,41.31503677,44.5528183,46.24085236,25.87818336,25.67531204,26.30597305,26.05347252,26.92308617,11.53802109,11.20568562,11.46727467,10.30863762,10.4253912,NA,551.2724609,0.518949986,0.522470474,0.529889941,0.529886305,0.548936367,0,0,0,0,0,35.71554947,14,0,0.040017363,0.047642868,0.306501061,0.563603759,0.581074476,22.8216114,23.17017555,23.49286842,23.25299835,23.56433868,0.005167337,8.629050255,0.735452175,0.524939179,0.008196658,0.456677884,0.447650164,0.425852865,0.456661224,0.274918884,0.501451612,0.452486992,0.431737006,0.474067211,0.253680408,30.04344749,30.59409714,30.28997421,29.28732681,28.875,24.2575531,24.96263123,24.533638,24.11566925,23.63875961,18.50542641,19.38841057,18.82269859,18.97868919,18.44960976,0,19.76504135,20.66504288,20.67976379,20.45252419,20.2055912,2.95230031,3.160937548,3.180729151,2.90542531,2.838975668,118.1017761,108.7304306,131.4119415,129.4448853,131.2766571,1967.978638,1859.123291,1890.540405,2046.36145,1985.01355,23.78931046,23.85500526,24.00278282,24.04840088,23.9011631,23.29499626,22.99130249,23.51503181,23.75766373,23.69042397,23.52309608,23.60547066,38.90429688,430.6660767,731.0449829,797.9656372,1094.594727,1227.37146,318.9141541,370.3213501,427.8565674,486.3826904,543.0942383,15.29247665,17.75753975,20.51645088,23.32287788,26.04229355,11.82803822,11.35999966,13.52416229,12.70768166,12.79069424
ZZ201500000035,ZZGE61FL,ZZ,2015,35,ZZ2015DHS,125.5252914,131.6988068,131.1615143,140.5032806,157.1804199,51.49811172,44.29071045,53.32712173,56.3779068,64.31289673,20.11255074,20.34732628,20.58296204,20.170578,20.42171288,10.99467659,10.69539928,10.93532944,9.813454628,9.614525795,1,1969.444336,0.391808629,0.40446046,0.428283483,0.389404446,0.413954407,0.012644676,0.046510417,0.022705439,0.027515912,0.013579282,27.83867836,13,0,0.009976294,0.01110316,0.213105455,0.45614332,0.124902435,15.59351063,16.28360748,16.43202019,15.43473434,16.07959747,0.085989259,21.21796799,1.032304764,1.036135554,0.02562904,0.37207979,0.284775704,0.268873751,0.221070245,0.161369577,0.342030019,0.227024898,0.213835701,0.15962413,0.110629626,22.34079933,22.95337105,22.54784393,21.51796913,21.13459206,16.82647705,17.57614326,17.04908752,16.58588028,16.29591942,11.34612274,12.25797272,11.6125145,11.70451355,11.52006721,0,11.07446957,12.21988678,12.28107643,10.69888878,11.73748398,2.577633142,2.799508095,2.75473094,2.566912651,2.552401781,132.7432556,123.9922028,146.9018707,144.7171631,164.152359,1794.501465,1616.738892,1602.766479,1820.943604,1557.079102,16.84661293,16.8792038,16.83355904,16.80401039,16.64656067,16.06277657,16.09214592,16.7712326,17.2358532,17.0378933,16.57242393,16.73784065,264.2392578,22.31384659,24.646595,25.3892746,27.22938347,28.8872509,620.3491821,702.9119263,792.4651489,879.0627441,957.8041992,28.88423729,32.72846222,36.89817429,40.93026733,44.59656906,15.47629547,14.8813858,17.1482563,16.56837463,17.55951691
ZZ201500000036,ZZGE61FL,ZZ,2015,36,ZZ2015DHS,348.4459839,278.0319824,379.8648376,515.0898438,645.0992432,30.29917908,28.04817772,27.39575005,34.56967545,35.32327652,31.22476006,29.48516273,30.84375,29.23505783,30.09231186,12.78700829,12.47254086,12.71339703,11.60638046,11.57478333,NA,536.1308594,0.378933787,0.396009386,0.39526549,0.411858261,0.422014147,0,0,0,0,0,27.46077347,11,0,0.044065762,0.03882153,0.276724011,0.457982332,0.560920179,25.49772072,25.00706673,25.7786808,24.89260674,25.4566803,0.00350884,6.002597809,0.460501164,0.360513538,0.004901747,0.529560268,0.561502457,0.551701427,0.541500151,0.386485487,0.651745677,0.745712757,0.696620226,0.636580944,0.396522433,31.62125397,32.38319016,31.81210899,30.90125847,30.32620049,25.21063423,26.12501526,25.4337101,25.07327843,24.51925659,18.83424568,19.91064835,19.09871292,19.29487991,18.75141907,0,19.77068138,20.52896881,20.7136116,20.55015564,20.82105064,3.350144625,3.606655121,3.577083349,3.294097185,3.225072384,101.5066223,101.1601028,97.99687958,113.8758698,113.9201279,1409.603882,1337.29895,1200.901733,1530.191528,1325.14624,24.05156326,24.38598824,24.69476891,24.67303467,24.95715141,24.2946434,24.2509594,24.90444183,24.87620163,24.35966492,23.81627083,23.90684128,144.7421875,62.854702,51.33009338,66.61446381,94.64237976,112.5265045,284.9841919,330.9220581,382.335968,434.635376,485.3132629,13.29174232,15.43429756,17.83225632,20.27151489,22.63514709,10.11990547,9.856498718,11.11489773,11.04447269,11.04587555
ZZ201500000037,ZZGE61FL,ZZ,2015,37,ZZ2015DHS,1935.451172,2266.76001,1806.595703,2771.474854,3804.977539,32.8706665,30.42292976,29.7715168,36.31750107,37.25978088,29.59046745,28.66680527,28.99200249,28.76450157,28.99326134,12.42327881,12.10052109,12.3561058,11.3983078,11.25052071,NA,570.0839844,0.444184273,0.455029994,0.474703819,0.488786429,0.480391532,0,0,0,0,0,34.62586212,11,0,0.03855624,0.040841907,0.28134948,0.488231957,0.597132921,24.47354698,24.50608253,24.90365791,24.84146881,24.99329376,0.001207073,11.11161232,0.674977839,0.389187336,0.007694751,0.497372746,0.5256235,0.488889396,0.485454023,0.323512167,0.555263042,0.594171762,0.556318402,0.504949331,0.306539744,31.75831985,32.37624359,32.02991867,31.29399681,30.70905685,25.52783585,26.29923248,25.82879066,25.57131004,25.05723381,19.33504105,20.27572441,19.67381477,19.89568901,19.45853615,0,19.35662842,20.3453598,20.81531143,20.91843796,20.99332619,3.252459526,3.486574173,3.50766778,3.246556759,3.164453268,106.9105072,106.0718079,104.4285889,117.9068298,117.9068298,1371.015137,1333.166626,1223.737061,1381.396973,1248.452759,24.63430405,25.22748375,25.46429253,25.29018402,25.62251854,24.8959446,24.45730591,25.04268837,24.8779335,24.67875862,24.6947403,24.56608963,79.05957031,446.6487427,418.487793,445.0681763,509.2295837,663.7130737,478.8120728,555.9938965,642.3762207,730.2463379,815.3920898,22.32795334,25.92709351,29.95527077,34.05282974,38.02334213,10.060853,9.655796051,10.98895836,10.73056984,10.73056984
ZZ201500000038,ZZGE61FL,ZZ,2015,38,ZZ2015DHS,227.0912933,181.2767334,186.5909882,240.7818146,249.6183014,42.78023529,38.25877762,42.68499374,47.5585289,54.14460754,25.70231056,24.29229164,24.73614693,24.72315979,24.10440826,11.59179688,11.29470444,11.53520012,10.40108585,10.20073795,1,1802.34668,0.417133898,0.433173627,0.452058494,0.436327249,0.459406167,0.006319444,0.0090842,0.014218749,0.013033853,0.00750434,16.98600769,12,0,0.011748504,0.014901738,0.198735461,0.410878927,0.181085721,19.00147629,18.51251602,18.92592049,18.84328079,18.5577755,0.056452338,19.69084167,1.47906208,1.587750793,0.029948918,0.365347713,0.329139054,0.247903287,0.200179353,0.15020673,0.334177911,0.283198059,0.192847416,0.139732242,0.102053411,24.27756119,24.97816849,24.48706627,23.5026474,23.05776978,18.45941925,19.30160713,18.69405365,18.27178764,17.92308998,12.68576431,13.68346405,12.95186615,13.1015625,12.85703182,0,12.30064392,12.73274326,13.11569405,12.96340275,13.01114273,2.811545134,3.055772543,2.991276026,2.810590267,2.731250048,120.2785568,116.9101181,127.6825943,133.6675415,147.8824615,1691.108398,1492.628906,1421.572998,1791.623901,1575.587646,17.81343842,17.9770546,17.96477318,18.03011513,17.94942093,17.44844055,17.30953217,18.0489769,18.58254051,18.17217445,17.79079628,17.7809124,179.6005859,48.79769135,33.92478561,39.1084137,46.66325378,45.87585449,620.0385132,702.5599365,792.0682373,878.6224976,957.324585,28.88423729,32.72846603,36.89817047,40.93026733,44.59656906,14.55006504,14.09899235,16.1184845,15.72309017,16.47089386
ZZ201500000039,ZZGE61FL,ZZ,2015,39,ZZ2015DHS,1783.812256,1873.99646,1804.864868,2275.023682,2959.394043,37.95463181,33.97171783,35.37619781,40.99724579,41.97010422,26.61590958,26.36885452,26.84121513,26.41576385,27.4936142,11.97356796,11.52131081,11.87391472,10.77738762,10.69335938,NA,485.4384766,0.457089007,0.478381246,0.483918071,0.484003663,0.495593667,0,0,0,0,0,25.10517883,12,0,0.041387364,0.035284687,0.292216897,0.453730553,0.611308455,23.43062019,23.93565941,24.24326515,23.75324821,24.70845795,0.002606214,8.868844986,0.662281394,0.251779944,0.009277566,0.478222668,0.543035567,0.481946945,0.429299384,0.307987124,0.530643344,0.626983643,0.542670071,0.422976464,0.286137313,31.45651054,31.89145088,31.74631119,30.96137238,30.43841171,25.44262123,26.10642433,25.78719521,25.54592133,25.05876732,19.48294258,20.37014008,19.87239647,20.18398476,19.74505234,0,20.24533463,21.5024662,21.64531136,21.09073257,21.92329979,3.112109423,3.323871613,3.364496469,3.091406345,3.019748211,118.1189651,112.9176254,119.0230942,126.739151,126.739151,1423.103638,1416.625366,1273.999878,1408.686523,1241.247437,25.01140976,25.49664497,25.68678284,25.51328468,25.84039497,25.13150597,24.45940971,24.94235229,24.95786667,24.99006653,25.15732765,25.02235413,170.9511719,340.0767822,345.9760742,340.3500671,418.0118713,516.2155151,115.8845978,134.5645447,155.4712524,176.7380371,197.3454437,6.396691799,7.427802563,8.581828117,9.755728722,10.8932333,10.65712643,10.16541195,11.76420116,11.25355911,11.25355911
ZZ201500000040,ZZGE61FL,ZZ,2015,40,ZZ2015DHS,521.3070068,662.6829224,787.5249634,1292.976196,1684.82312,33.82840729,30.24240875,28.65858269,37.10952759,38.08106613,28.60426712,28.51600647,28.38294029,28.50600624,27.77545738,12.37024021,12.0675354,12.30037689,11.27530384,11.20295143,NA,555.3583984,0.409604788,0.398597389,0.433475792,0.425052136,0.448555529,0,0,0,0,0,27.80141068,11,0,0.045124382,0.04948445,0.284476399,0.448691428,0.579243124,23.90271568,24.59792328,24.54579926,24.50063705,24.31074905,0.000124314,7.557253838,0.714304924,0.360432744,0.007131204,0.458807319,0.483439326,0.428289771,0.457650274,0.288761973,0.502479136,0.504599512,0.455453396,0.454993159,0.265961468,31.63774681,32.27954483,31.89207268,31.05970764,30.51617622,25.43165588,26.21789742,25.71958923,25.40160561,24.89230347,19.26750565,20.21200752,19.59169579,19.78440475,19.31322289,0,19.20116425,20.67983818,20.70865822,20.49526596,20.84604263,3.229716539,3.467129707,3.48075819,3.214785814,3.132769108,109.2561646,104.8543549,99.75359344,119.2991943,119.2991867,1368.054077,1336.11084,1219.408936,1379.305908,1233.568115,24.71189499,25.21184158,25.4900856,25.30762482,25.66507912,24.97659302,24.56160736,25.10712242,25.00263214,24.74276924,24.7076683,24.60283279,61.13867188,107.7495499,122.344101,171.2808685,237.5708771,293.8885193,478.9491272,556.1530762,642.5601196,730.4553833,815.6254883,22.32795334,25.92709541,29.95527267,34.05282974,38.02334213,10.35951614,9.847374916,11.15590286,11.03864288,11.03864288
ZZ201500000041,ZZGE61FL,ZZ,2015,41,ZZ2015DHS,9568.78125,11243.93652,12210.72559,17423.19141,19872.67383,28.32276535,24.23647118,33.72063065,39.10963821,33.58377838,28.88045502,28.67694473,28.15993118,28.62979126,28.40312195,12.55225754,12.27287292,12.49700546,11.54483509,11.43763065,NA,1168.018555,0.424701899,0.449742526,0.49329564,0.462537706,0.485074639,0,0,0,0,0,28.60438347,15,0.089617416,0.022179585,0.016651787,0.223888621,0.755729973,0.68742919,22.54636383,22.90649223,22.99168396,22.75652695,22.92084885,1.930220246,316.7632446,15.18830776,57.89097595,6.502715588,0.471349359,0.315811485,0.241590708,0.137783512,0.182032764,0.433415562,0.253527641,0.173249364,0.080285199,0.128245041,27.41453934,28.04140663,27.93398476,26.91753387,26.57838631,21.11636353,21.87643242,21.65829086,21.12066078,20.83637238,14.86228371,15.76853371,15.43697929,15.37269974,15.14075565,0.018150194,16.21227264,17.13604164,17.82343674,16.88326454,17.43857765,3.047265768,3.272222281,3.226345539,2.899348974,2.998003483,86.30699158,79.30712128,108.7944031,113.3924942,100.684288,943.5875244,918.8372803,1213.485718,1114.817871,1104.309692,21.63912392,22.12742996,21.8427906,21.68886757,21.50091934,21.22360992,21.14539337,21.53891182,21.59050179,21.18387413,21.04351616,20.9494381,12.58203125,1872.627197,2206.814941,2335.886475,3184.117188,3470.300293,5661.431152,6522.342773,7484.590332,8506.545898,9588.53125,263.151947,303.168457,347.8951721,395.3972473,445.6895752,15.00759983,14.10828114,16.33510399,16.28568459,16.2631073
ZZ201500000042,ZZGE61FL,ZZ,2015,42,ZZ2015DHS,561.9152832,468.4321899,553.7808838,429.537262,496.2012939,46.30976868,39.92014694,49.00836945,50.9171257,58.67298508,19.01326942,18.91129684,19.1644783,19.24403954,18.58223343,11.31610203,11.0229454,11.25543976,10.15151882,9.914221764,1,2847.4375,0.335521787,0.374418736,0.390702277,0.381908327,0.405509531,0.011313656,0.046951678,0.019233217,0.024890045,0.01187934,21,13,0,0.005412306,0.005355873,0.20174402,0.368028164,0.050115272,12.25498104,12.87732697,13.20860577,12.40072346,12.33200264,0.199682131,99.2168045,3.786800385,3.341121912,0.134078801,0,0,0,0,0,0,0,0,0,0,23.32375526,23.91374397,23.54052353,22.55798721,22.15804482,17.65047836,18.3791523,17.88336182,17.45251846,17.17220879,12.00765324,12.89079857,12.28508472,12.40646744,12.2438221,0,5.496691704,6.843356133,7.2527318,5.557407379,6.081771851,2.704253435,2.920471668,2.883709431,2.702069044,2.67689538,125.2333527,116.5856628,141.3258972,137.5815887,157.0614471,1542.909058,1351.383179,1485.401489,1821.973022,1532.545532,13.09726238,13.09866238,13.12979698,12.81091595,12.54718971,12.06485748,12.22716141,12.92632866,13.27446365,13.03100395,13.00463009,13.03679943,97.03320313,105.5547791,87.66410828,109.3545837,83.24385834,91.19386292,2804.535889,3177.793701,3582.654541,3974.153564,4330.135742,130.56633,147.943512,166.7919769,185.0183716,201.5912628,15.51629639,14.93698597,17.21327782,16.61723518,17.73672485
ZZ201500000043,ZZGE61FL,ZZ,2015,43,ZZ2015DHS,39.30010605,42.83415985,51.02058411,51.71359253,55.21147537,36.40496826,31.13672066,42.85555649,41.86656189,44.24578094,24.72450638,25.27020836,25.50666618,25.55131912,25.87972832,11.92899323,11.66197968,11.88064289,10.61835957,10.79782963,NA,690.2080078,0.411195278,0.450564414,0.455475688,0.450446188,0.461772054,0,0,0,0,0,16.63766861,14,0,0.0246021,0.020810163,0.232287392,0.383608162,0.485424489,21.65831184,22.68165588,22.97328949,22.7784462,23.00893402,0.003597038,5.484414577,0.631683886,0.235340595,0.005955304,0.532554269,0.533322096,0.483089775,0.373329341,0.390982509,0.6592049,0.616199017,0.507929146,0.354672402,0.405572832,29.72322083,30.32413292,30.01193619,28.8748703,28.55716133,23.73398399,24.46575546,24.04748344,23.54392433,23.13181496,17.7942276,18.66215324,18.13129234,18.25651169,17.75933266,0,18.59211922,20.09310532,20.4399128,20.00557137,20.13814163,2.982899427,3.182855844,3.193576574,2.902647495,2.866580009,108.5923615,99.1036911,136.8625031,121.5238724,126.8340683,2298.33252,2147.999512,2485.310303,2502.663086,2216.914795,23.20943069,23.24526024,23.28853607,23.42251587,23.24232101,22.41304588,22.15281487,22.43422318,22.62123871,22.85365677,22.73060608,22.80862045,772.7666016,6.86994791,7.908015728,9.282597542,9.501832008,9.630695343,138.7063446,161.0650177,186.0889893,211.5439606,236.2096863,6.449550152,7.489181042,8.652742386,9.836344719,10.98324871,12.56351948,11.98889732,14.21263885,13.38584995,13.68389702
ZZ201500000044,ZZGE61FL,ZZ,2015,44,ZZ2015DHS,12506.96973,26732.26563,24829.54688,28444.64258,33757.78125,38.87215805,33.28881073,45.6751442,57.47246552,50.05194473,18.40416527,19.36486053,19.68498802,19.03179359,19.95220375,12.24855328,11.99596405,12.19123268,11.17528915,10.96276093,NA,2489.892578,0.465992957,0.493925333,0.496012509,0.518027961,0.545667529,0,0.000520833,6.36574040981941e-05,0.000270544,1.59143510245485e-05,50.18174362,14,0,0.00567961,0.003180498,0.142115563,0.091220647,0.326575518,13.9002533,14.61041641,15.10851288,14.04239559,15.42115974,0.002173558,0.711376786,0.031366896,0.046901915,0.001017398,0,0,0,0,0,0,0,0,0,0,24.80829048,25.53155518,25.09659958,23.97394371,23.73457718,18.66059113,19.51264381,18.97024155,18.36822891,18.22665024,12.55973721,13.53559017,12.90536785,12.79865456,12.77181721,35.51200485,9.396338463,9.85597229,10.53203678,9.052997589,10.89011574,2.725651026,2.944082737,2.886979103,2.66030097,2.676287651,105.9519348,98.00501251,131.8631897,152.8940582,133.9533997,1329.31311,1234.126221,1785.154907,1519.580566,1414.162354,15.78126144,15.76476002,15.68643761,15.54919529,15.45521927,15.09771347,15.36783791,15.68461132,15.75683403,15.58376884,15.31466866,15.51069641,144.1152344,2774.941406,5338.758789,4969.444824,5073.125977,5710.106445,16570.19922,19532.01563,22907.66992,26434.75391,29963.10156,770.4790039,908.1971436,1065.157837,1229.15979,1393.220459,14.78731346,14.13703537,16.89563179,16.61525536,16.68199539
ZZ201500000045,ZZGE61FL,ZZ,2015,45,ZZ2015DHS,131.648407,269.5110168,215.3309937,299.5558472,349.3606567,33.37670517,28.6234684,43.18749237,39.0642395,40.95175934,24.55397415,25.12434006,25.87340355,25.56503487,25.78187943,12.07599831,11.83398438,12.02621555,10.82261276,10.97009563,NA,676.3828125,0.462784469,0.442922741,0.469011813,0.474034578,0.469301462,0,0,0,0,0,33.54789352,14,0,0.033406138,0.031616762,0.283010185,0.47262764,0.568293154,21.87584114,22.60633278,23.12620735,23.28517342,22.6086998,0.004178929,4.351608276,1.056505322,0.230047181,0.00926122,0.518093765,0.506710947,0.418977559,0.29602313,0.349067152,0.622558713,0.548579276,0.405163258,0.254735529,0.3476125,30.41558266,31.03185844,30.70282173,29.55264854,29.26072121,24.35112953,25.08741379,24.67079163,24.11775208,23.74396706,18.33958435,19.19787407,18.67660522,18.73003387,18.29062462,0,19.19770813,20.0883255,20.37901115,21.00531387,19.43551826,3.050954819,3.271701336,3.248046875,2.960590363,2.946527719,101.8308182,93.64743805,140.2750092,115.6532135,120.6654968,2303.873779,2194.331299,2441.247559,2463.68457,2345.16333,23.44288826,23.46016312,23.52513885,23.68178749,23.47016335,22.76127243,22.43195915,22.63128281,22.74088669,22.97930527,22.83461189,23.10038757,172.2421875,36.75092697,53.82463074,53.64459229,53.42603683,59.09412766,237.7279053,280.2202454,328.6497803,379.2518311,429.8720703,11.05232239,13.02785397,15.27941513,17.63197899,19.98538971,12.52371025,11.95281219,13.74053764,13.3397131,13.65832043
ZZ201500000046,ZZGE61FL,ZZ,2015,46,ZZ2015DHS,14142.16895,21985.25,19216.71484,30474.83398,31819.69531,40.81567764,34.59160233,47.4130249,52.32216644,52.24744034,24.0447731,24.21038246,24.35631943,23.83073044,24.24565506,11.94921875,11.70551205,11.90559864,10.86011314,10.68498325,NA,1852.188354,0.465789944,0.509512961,0.535964429,0.50212431,0.493484199,0,0,0,0,0,32.45600891,14,0,0.012277587,0.009375238,0.285998404,0.240952149,0.436029881,18.56093025,18.50800323,18.76666641,17.73157883,18.69739151,0.095663249,55.75331879,3.776296377,3.72671771,0.085479125,0,0,0,0,0,0,0,0,0,0,24.65928841,25.35711861,24.90277863,23.78585052,23.51475716,18.66046143,19.47929764,18.92508698,18.34288216,18.1481781,12.71006966,13.65160656,12.99717903,12.92573833,12.82977486,0,13.07708645,12.80562496,13.17701435,11.63243103,13.14912891,2.73007822,2.940972328,2.889453173,2.668576479,2.672135592,111.4299927,101.7329407,136.9976959,139.6256866,139.6122437,1190.15564,1155.73877,1546.408447,1419.13855,1325.556641,16.29392815,16.28037834,16.27470016,16.19873619,15.9878149,15.61001396,15.869874,16.25602913,16.25600052,16.16854668,15.87984371,15.94503212,9.961914063,3413.219727,4182.822266,4393.456543,5772.249023,5706.442383,3109.308594,3655.261719,4275.922363,4922.008301,5565.592285,144.5880127,169.9757385,198.8374939,228.8815613,258.8092957,14.5687933,13.90577602,16.78655052,15.92026901,16.40387917
ZZ201500000047,ZZGE61FL,ZZ,2015,47,ZZ2015DHS,178.2030792,192.1385345,301.592926,241.9828644,258.8613892,30.28261948,28.06966782,28.27788353,34.4593544,35.77202988,31.11643982,29.71930504,29.4327774,29.224617,30.19611168,12.59978294,12.2827692,12.52013874,11.40716171,11.35581589,NA,570.515625,0.373280853,0.412182122,0.424531788,0.422320664,0.425817758,0,0,0,0,0,20,11,0,0.039404895,0.038476907,0.275767446,0.457614541,0.537312329,25.5639019,25.25876808,25.12513924,24.82718658,25.59052086,0.000944361,4.816614628,0.460395515,0.411543757,0.002969158,0.511766136,0.539723217,0.516014814,0.49270907,0.329404354,0.602232456,0.638203144,0.588660538,0.527093947,0.317198187,31.03329086,31.79961014,31.20373344,30.27686691,29.71171951,24.71493149,25.63589478,24.92222214,24.5493927,24.01432419,18.43350792,19.51683998,18.68359375,18.8697052,18.35590363,0,20.01136398,20.79822922,20.81749916,20.42975616,20.98493004,3.334244728,3.592751741,3.549088717,3.292274475,3.194140673,100.9696579,100.8473587,100.3607254,113.4496536,114.2608948,1377.394897,1327.8125,1181.311157,1580.707275,1361.183594,24.15454865,24.40382576,24.62267303,24.55308723,24.79810143,24.03611565,23.97544861,24.69709015,24.85464859,24.45555115,23.86141014,23.92369461,220.2802734,33.920681,35.47249603,53.51964188,44.46182632,45.15392685,285.0515442,331.0002747,382.4263306,434.7381287,485.428009,13.29174042,15.43429565,17.83225441,20.27151489,22.63514519,10.56671429,10.33680534,11.61992073,11.53728294,11.57436657
ZZ201500000048,ZZGE61FL,ZZ,2015,48,ZZ2015DHS,28241.33203,32241.23438,29820.69727,34987.36328,37729.01563,30.22200394,26.68133545,35.93242264,38.826931,40.91827393,28.95282745,26.93425941,27.88381958,28.16209412,27.70407104,12.54040813,12.27676487,12.48793411,11.48446178,11.13609695,1,1722.02832,0.323039025,0.362523496,0.350976348,0.347819209,0.34525314,0,0,0,0,0,34.84672165,11,3.191761255,0.012039624,0.016304655,0.524367869,0.621110678,0.096428633,21.58774567,20.96274757,21.36134338,21.68292809,21.59047699,34.37796021,27.57004738,94.75262451,6.720503807,2.525155783,0.219366893,0.04562718,0.086733647,0.076521404,0.06369555,0.164479062,0.02308156,0.04759308,0.041824136,0.035685316,26.37957191,27.01449776,26.60209846,25.73732567,25.36623383,20.08153915,20.85118675,20.32931137,19.971035,19.77122498,13.83916378,14.73773193,14.1141634,14.25286484,14.23013592,1.467482209,14.22266388,14.99123859,14.83886623,15.20376205,15.47688198,3.020876884,3.229861259,3.168996096,3.007335186,2.953920841,91.29695129,86.17700958,113.8697052,116.7655945,120.8693466,994.4607544,1040.280396,1299.04248,1202.449219,1429.961914,19.16934204,19.0090332,18.97961998,18.85588264,18.75573349,18.54810524,19.01868248,19.86467171,19.81913567,19.22856522,18.54848862,18.96594048,30.24511719,2428.905273,2748.352295,2750.286133,2833.547119,2897.74292,27775.43164,28780.70703,30196.60742,31098.82813,31573.20508,1292.378296,1339.153198,1405.034424,1447.014404,1469.086914,14.01808071,13.61949635,15.78979301,15.40393066,16.4197197
ZZ201500000049,ZZGE61FL,ZZ,2015,49,ZZ2015DHS,1607.75061,1722.813599,1821.944092,2009.254395,2264.828369,40.7558136,34.38466644,51.00279999,46.02569962,47.01370239,26.53560448,26.62872696,26.82570648,26.06457138,26.90094948,11.68161201,11.34539986,11.6047163,10.02300358,10.42850113,NA,576.0517578,0.488878906,0.527686894,0.515466273,0.551399946,0.561991453,0,0,0,0,0,22.23392105,15,0,0.0418262,0.034376018,0.280602157,0.47892487,0.575396359,23.09135818,23.12681007,23.82896423,23.39515495,24.00072098,0.003998313,8.676861763,0.844706535,0.422463387,0.011712317,0.551251769,0.559141695,0.529776692,0.417468041,0.383877069,0.725987971,0.752287745,0.650895357,0.421844333,0.410888612,30.45341492,30.95503426,30.76503181,29.54337502,29.30185127,24.58237839,25.26047516,24.9366169,24.50533867,24.06297874,18.7718029,19.60963631,19.16031647,19.52037048,18.87335014,0,19.64710999,19.62489128,20.83222198,20.72574043,21.10049248,2.940972328,3.130193949,3.160517931,2.87123847,2.827126741,119.8617249,107.6306763,161.1952667,132.1507568,132.9136963,2076.443359,2039.651489,2113.59668,2095.06958,2007.809814,23.9828186,24.08909225,24.21390533,24.29968643,24.12086296,23.48596764,23.06886864,23.33815956,23.61673927,23.80069923,23.5980587,23.74360275,172.9326172,260.4602051,318.0647583,321.9216614,369.1795349,395.0604858,138.7063446,161.065033,186.0890045,211.5439606,236.2096863,6.449549675,7.489181042,8.652742386,9.836343765,10.98324776,11.94929695,11.38519669,13.08713055,12.70150471,12.73954868
ZZ201500000050,ZZGE61FL,ZZ,2015,50,ZZ2015DHS,254.8590393,336.726593,354.1847534,485.473114,594.8505859,44.23585892,37.73903275,46.24729156,48.13176346,55.14664841,20.39685631,20.46766281,20.6991787,20.57347298,20.41424942,11.50794315,11.20338535,11.44509506,10.32644653,10.15798664,1,1839.004883,0.397734642,0.38692373,0.408539176,0.394002676,0.409182549,0.006047453,0.025096932,0.010280671,0.013304397,0.006349826,29.24490547,12,0,0.01176268,0.010536441,0.236201078,0.513325751,0.172185346,16.38209343,16.77656555,16.9960537,16.30238342,16.65221214,0.032361034,15.12683201,0.97828263,0.7166785,0.01017522,0.401971459,0.317619115,0.330500513,0.245040953,0.192817807,0.384754717,0.265560448,0.286544889,0.187251851,0.145260379,25.00756645,25.59833717,25.18857002,24.15289497,23.76445389,19.23305893,19.96796989,19.43489647,18.96504784,18.65750885,13.49962425,14.39495182,13.74347591,13.82644653,13.60646725,0,12.3673296,13.08546734,13.29292774,12.03129673,12.89017487,2.792375565,3.006365776,2.971701384,2.766232729,2.72738719,123.52314,113.4573364,137.433136,133.1436615,150.4062653,1858.148315,1806.816895,1925.116821,1963.75061,1570.740723,17.3216629,17.36419487,17.42409515,17.4361763,17.37079239,16.84756851,16.80220985,17.5475502,17.94997215,17.61879539,17.1873455,17.2526474,210.4863281,58.16875076,63.01623917,79.9644928,94.08415985,109.324028,620.4772949,703.0571289,792.6287842,879.2442627,958.0020142,28.8842392,32.72846603,36.89817429,40.93026733,44.59656906,14.64104366,14.0284729,16.2495842,15.60272026,16.49939728
ZZ201500000051,ZZGE61FL,ZZ,2015,51,ZZ2015DHS,2072.379883,2624.682861,5100.654785,10337.85938,14000.82813,33.30765915,28.72166061,39.28886032,38.99542999,41.90832901,24.83784103,24.69142342,25.44020844,25.42836761,25.88079262,12.23376751,11.97890663,12.18802071,11.11024284,11.09934902,NA,763.8827515,0.472333342,0.480412513,0.48400265,0.497577786,0.5097211,0,0,0,0,0,32.06970978,14,0,0.033955585,0.03014767,0.312370181,0.478699625,0.576458275,21.71190643,21.9705143,22.54315948,22.6776123,22.8035965,0.0076793,6.609035015,1.364950299,0.41874817,0.02087131,0.487562031,0.435825944,0.371807814,0.243962958,0.297088861,0.532254577,0.419331938,0.334385186,0.190472126,0.270163059,29.31805611,29.91996574,29.57743073,28.47087669,28.16007042,23.17170143,23.90594673,23.46814346,22.89370728,22.57981873,17.08428764,17.94105911,17.38941002,17.36063385,17.06072044,0,18.58597183,19.24960518,19.64611053,19.92685699,19.72640038,3.020703077,3.226432323,3.217231035,2.924999952,2.909027815,100.6125488,92.66849518,126.4013519,114.0616302,121.9124985,2264.104736,2165.999756,2581.019775,2593.167725,2437.510742,22.86989975,22.82342339,22.9463768,23.11406708,22.9307518,22.01033592,21.56627274,21.92854118,22.00648689,22.39247704,22.26991272,22.40076256,38.65332031,500.019928,524.1810913,1235.925415,1843.765869,2368.230957,237.7084045,280.1972656,328.6228333,379.2207642,429.836792,11.05232239,13.02785397,15.27941513,17.6319809,19.9853878,13.05167103,12.44034672,15.01106739,13.90164948,14.40894032
ZZ201500000052,ZZGE61FL,ZZ,2015,52,ZZ2015DHS,5491.905273,6284.375488,5660.787109,7512.266113,8437.03125,28.03990173,22.61422348,29.28621101,41.17622375,31.52587128,27.48726082,28.75209618,28.16569519,28.63327599,27.95913315,12.75067997,12.48240757,12.65794277,11.75970745,11.57984734,NA,1573.933472,0.439703286,0.441182315,0.478973597,0.460980564,0.479065597,0,0,0,0,0,37.00219727,13,0,0.014948918,0.01715632,0.239895314,0.695445001,0.592820644,21.42387581,22.58949661,22.39458847,22.65325737,22.28532028,30.55782127,220.4678192,83.97367096,29.03969765,7.83968544,0.514360368,0.349888951,0.281778067,0.148863941,0.16573748,0.479955614,0.28840667,0.216283575,0.088815451,0.109855525,28.18862915,28.77779198,28.64741135,27.69710732,27.38884544,21.78773117,22.50898552,22.29948044,21.78537369,21.57252693,15.43794918,16.29538536,15.98946762,15.93739891,15.80899906,0.050656438,15.36049271,16.42689705,16.62348366,16.67324066,16.61150742,3.207696915,3.413397074,3.363252401,3.047063112,3.141362906,89.94350433,77.19132233,98.49691772,125.4665527,99.03420258,1068.663696,988.5189209,1218.850464,1046.990845,1076.259399,21.12220955,21.48492432,21.35481071,20.98663139,20.76068115,20.39138412,20.25740623,20.84272575,20.80710411,20.56423759,20.49628448,20.39923096,103.9628906,1217.42041,1225.02356,1206.482422,1361.978516,1459.362915,8280.973633,9321.114258,10450.60059,11604.74023,12780.36523,384.9126587,433.2600403,485.7603455,539.4065552,594.0514526,15.78616142,14.46158695,16.83068085,16.91418457,16.74534607
ZZ201500000053,ZZGE61FL,ZZ,2015,53,ZZ2015DHS,860.9324341,985.7489624,1227.133667,1311.343018,1698.476807,43.57278061,35.86116791,40.76520538,46.40522003,47.38235092,26.78956985,27.08617973,27.87251091,27.34346008,28.0907917,11.44243336,11.05982399,11.36572647,9.763990402,10.15185165,NA,517.8623047,0.521089435,0.519451022,0.534664094,0.503732443,0.533759356,0,0,0,0,0,34.77755356,14,0,0.039903611,0.048209473,0.294532031,0.55787164,0.603227496,23.31163216,23.83697891,24.43586922,24.07805252,24.12730789,0.003409854,13.56589127,0.809326708,0.871595621,0.012688562,0.410080224,0.366339147,0.347456932,0.339911044,0.23106952,0.412792712,0.331849694,0.313171476,0.305458516,0.193906769,30.58805084,31.05092621,30.90044975,29.75821877,29.48524284,24.84320068,25.49217415,25.18266869,24.85675812,24.38653183,19.14561653,19.99110222,19.53472328,19.99422836,19.33339119,0,19.83369446,20.58777809,20.99922752,20.81264496,20.16382408,2.939583302,3.158000708,3.184389591,2.897280216,2.838237762,128.0858154,113.2495956,129.8123016,134.4489288,134.4823761,1709.595337,1622.013062,1583.122803,1561.115479,1491.468018,24.33198738,24.51691437,24.71835709,24.80572891,24.72223473,23.98878288,23.49587822,23.92580605,24.27033424,24.3696804,24.28275681,24.26028824,79.42773438,154.20224,181.9883575,205.1100922,240.9455872,296.2701721,144.380661,167.654007,193.7016907,220.1979828,245.872757,6.719610214,7.802773476,9.01505661,10.24821854,11.44314671,11.46516132,10.76322556,12.54389286,12.07690907,12.0781641
ZZ201500000054,ZZGE61FL,ZZ,2015,54,ZZ2015DHS,7825.253906,5110.126465,7407.959961,9124.658203,10070.3125,44.69113159,35.6790657,40.70262909,46.07024002,47.05796814,26.83090973,26.82593727,27.31388855,27.65628433,27.71218109,11.48493958,11.00238705,11.37217903,9.939887047,10.14444447,NA,467.0888672,0.474892229,0.460358143,0.469902784,0.447259903,0.484632879,0,0,0,0,0,34.7532196,13,0,0.055726122,0.055743914,0.325071365,0.592194617,0.624079585,23.16585159,23.73137093,23.89649391,24.06093597,23.94669724,0.003444209,8.276909828,0.603912711,0.446430206,0.007079421,0.398766637,0.343215227,0.324972898,0.286304474,0.208307162,0.395136774,0.30217436,0.285549611,0.242262959,0.168616205,30.83151054,31.21041679,31.16454124,30.11979103,29.77656364,25.0650177,25.68693542,25.44383812,25.12999153,24.68389893,19.34657097,20.20802879,19.79236221,20.17990494,19.63211823,0,19.50079536,20.63680458,20.47909737,20.46558952,20.18121147,2.952777863,3.165668488,3.203862906,2.925173759,2.864019156,131.9629822,112.9480896,130.4056396,134.7634583,134.7749176,1647.37439,1581.9375,1520.271729,1540.062622,1456.919434,24.4895153,24.70227814,24.89435387,24.99967575,24.96152306,24.22284126,23.61469841,24.07812119,24.44107437,24.48647499,24.49291611,24.46121025,19.04589844,1016.510132,943.4283447,974.3165283,1676.560669,1756.593262,6309.95166,7327.080566,8465.457031,9623.439453,10745.51953,335.8628235,390.0020142,450.5949402,512.2313843,571.9569092,11.37236118,10.56384563,12.07348537,11.85086823,11.85129738
ZZ201500000055,ZZGE61FL,ZZ,2015,55,ZZ2015DHS,156.4862671,179.4295502,239.0213928,282.2194824,313.6574402,36.12273407,31.72192383,35.60823441,39.87004089,41.98994446,26.08887672,25.77160835,25.96385384,25.73718834,26.31658173,11.95635128,11.61980629,11.87961578,10.74293995,10.78564835,NA,584.3349609,0.49666515,0.528423309,0.535702765,0.500293851,0.529201925,0,0,0,0,0,29.11189842,12,0,0.028031763,0.029825481,0.277202964,0.48120153,0.5116359,22.5201931,23.11281776,23.56093025,23.38783646,23.80121231,0.001637774,6.058723927,0.579259872,0.17461288,0.006987527,0.417099327,0.318356514,0.327032715,0.376075536,0.232341558,0.425928444,0.272098929,0.295234323,0.346393734,0.200161144,30.34911728,30.88404274,30.5972805,29.62708473,29.1801796,24.35141754,25.04628181,24.63638687,24.23651695,23.75855064,18.39276695,19.26423645,18.71766472,18.88414383,18.39453125,0,18.95151138,20.45402718,21.15800476,21.03848648,21.2858448,3.099812031,3.309216022,3.332957268,3.059186935,2.978501081,111.9736862,104.9747009,118.6807175,121.9699097,125.0671005,1845.387817,1658.609619,1679.004883,1757.589966,1684.35437,24.06251717,24.21143723,24.36376381,24.27216721,24.33725739,23.64875603,23.445755,24.01198578,24.23406029,24.09393883,23.96354866,23.93932724,334.2958984,27.32356262,33.34328842,44.23986816,53.17574692,56.00636292,250.3548431,287.1837769,327.8260498,368.2583923,406.3909912,11.65683651,13.37163734,15.26399326,17.14657402,18.92207527,11.70320415,11.25076485,13.07933044,12.57544804,12.71845722
ZZ201500000056,ZZGE61FL,ZZ,2015,56,ZZ2015DHS,17926.48633,21948.92383,27909.08398,48147.12891,63391.69531,39.07889175,33.42097473,45.89574814,56.85533524,50.43479156,25.50691986,25.45103073,25.66557884,25.29174805,25.59293365,12.15431213,11.90227222,12.1000433,11.07816887,10.86646461,NA,1746.90625,0.389733344,0.412097842,0.410667926,0.399334729,0.3893013,0,0,0,0,0,29.25102234,14,0,0.014334778,0.008898617,0.288233787,0.197466671,0.474272132,18.66481018,19.19104195,19.57456017,18.94825745,19.49906158,0.155176893,82.4325943,5.313789845,3.726745367,0.051247664,0.347992837,0.138200313,0.208022162,0.12623997,0.155055016,0.31240809,0.083288513,0.142006904,0.073468931,0.106271282,24.74030685,25.45711899,25.01296234,23.89233208,23.65086937,18.63777542,19.48485184,18.9329586,18.3387146,18.19308472,12.58599567,13.55484676,12.91292,12.81416416,12.7844038,0.029544713,11.82270241,12.93105316,13.48354149,12.60476875,13.40518951,2.734707832,2.950231552,2.895471573,2.67413187,2.680931807,106.869339,98.599617,132.8898315,152.0386505,135.2122345,996.1830444,926.4677124,1337.473999,1255.946533,1153.970947,18.3100605,18.26496887,18.20592499,18.00651932,17.88422394,17.6916008,18.2469883,18.59559631,18.18500137,18.24886513,17.69804382,17.78633118,5.796875,3969.344482,4383.467285,6116.25293,8587.081055,10722.66406,16569.54102,19531.24023,22906.76172,26433.70508,29961.91406,770.4790039,908.1971436,1065.157959,1229.15979,1393.220581,14.7298584,14.08660984,16.83233643,16.53082466,16.63508415
ZZ201500000057,ZZGE61FL,ZZ,2015,57,ZZ2015DHS,291.0628967,261.6760559,396.0374146,270.7420349,264.2900696,33.76551056,28.86261177,43.28654099,39.31394577,41.34181213,24.61075783,25.05197906,25.8220253,25.49623871,25.74542618,12.07366943,11.82980347,12.0224247,10.77524567,10.95049191,NA,627.7021484,0.454670608,0.445556343,0.481335938,0.467229337,0.487695098,0,0,0,0,0,28,14,0,0.035243113,0.031945232,0.293449819,0.478039443,0.576159,22.08684731,22.72287941,23.02571678,23.3100605,23.02608299,0.002249057,3.79226017,0.873065531,0.263221204,0.009082546,0.519417763,0.507893682,0.422107875,0.29750067,0.348517478,0.622624993,0.550132632,0.408976912,0.25663209,0.344851166,30.40140343,31.01695633,30.68849945,29.52284431,29.23569107,24.33901978,25.0747261,24.6580162,24.11267471,23.72978973,18.32773399,19.18715286,18.66607285,18.74759865,18.28520012,0,19.56293678,20.39378166,20.22940826,21.12388229,20.30673981,3.046672583,3.267404556,3.246122837,2.958029509,2.937297583,102.8724518,94.30583191,140.5134277,116.2918091,121.4332047,2259.694336,2163.651611,2416.191895,2442.248047,2269.578125,23.77405548,23.76540565,23.81629372,23.95601273,23.74182129,23.00461578,22.75716209,22.97677231,23.10369873,23.34996223,23.18021774,23.40075111,173.1748047,46.99533844,52.25989151,55.49272156,48.28707123,44.70449066,237.7204895,280.2114868,328.6395569,379.2400208,429.8586426,11.05232239,13.02785301,15.27941608,17.6319809,19.9853878,12.50062084,11.93163967,13.7434721,13.30911446,13.62765884
ZZ201500000058,ZZGE61FL,ZZ,2015,58,ZZ2015DHS,465.5767517,432.2007751,539.4603882,634.3699341,902.1206055,44.67505264,38.17904282,46.53981781,48.6353302,55.66078568,19.93924141,20.13097191,20.48430634,20.06184006,19.92541885,11.47296047,11.1702261,11.41011238,10.290452,10.12048626,1,2012.339844,0.378056824,0.375765443,0.397922933,0.38379705,0.403973401,0.006684027,0.027738716,0.011362847,0.014704861,0.007018229,32.59234619,12,0,0.010772845,0.009783013,0.217248559,0.489404619,0.158752382,15.99177265,16.44830894,16.65045166,15.92329884,16.29337311,0.06108547,19.83482933,0.946711361,1.211610436,0.023822768,0.38726899,0.300677806,0.310751796,0.233358875,0.181348667,0.364033699,0.245855734,0.263495713,0.174359724,0.133318961,24.83537292,25.42469597,25.02161407,23.98715401,23.59839439,19.07886314,19.80981064,19.28454781,18.81805611,18.50881195,13.36241341,14.25447178,13.61150265,13.69670105,13.47790813,0,12.04430294,12.76564407,12.81659698,11.78475666,12.66132641,2.779036522,2.994097233,2.960243225,2.754600763,2.718099117,124.1536026,114.3117676,137.7691803,133.9709167,151.2915344,1892.355469,1820.231812,1943.26062,1997.282227,1600.772583,16.8766613,16.91706848,16.94222069,16.92905235,16.85979271,16.3279438,16.30471039,17.0489254,17.46547318,17.1717968,16.71722221,16.81164742,135.0351563,85.47115326,80.88362885,103.8214035,122.9402084,165.7953491,620.4523315,703.0288086,792.5968628,879.2088623,957.9634399,28.8842392,32.72846603,36.89817047,40.93026733,44.59656906,14.69504261,14.08720875,16.29812431,15.66788197,16.56416702
ZZ201500000059,ZZGE61FL,ZZ,2015,59,ZZ2015DHS,9941.582031,9254.006836,11139.16309,13722.31641,15380.23438,36.48450089,31.51919174,37.02995682,39.63609695,44.77641678,26.16621208,26.484375,26.60687447,26.83465385,27.08864784,12.12612915,11.83185768,12.05881023,10.93233585,10.81757832,1,692.6181641,0.518890738,0.514163375,0.541186154,0.496408492,0.514890134,0,0,0,0,0,33.83176422,12,0,0.031455025,0.034111086,0.385388464,0.690974772,0.463414192,22.11846542,22.82692337,23.06318665,22.99292755,22.84661484,0.005704035,8.868972778,1.057548046,0.512882233,0.016142013,0.455987453,0.450262427,0.392944783,0.274223238,0.225970075,0.485596478,0.447548956,0.376880348,0.223814607,0.192260683,28.14765739,28.76054764,28.32148361,27.32343864,26.89110184,22.06527901,22.81471443,22.26367188,21.83350754,21.44973946,16.02152824,16.92868996,16.26267433,16.39110184,16.07352448,0,18.07071877,19.16946983,19.51949692,19.15120316,18.60458183,3.063975811,3.283767462,3.255642414,3.036632061,2.953341961,111.7876282,103.5016937,120.5562973,120.3602448,132.2400665,1883.313354,1812.480347,1899.439209,2091.505127,1811.379517,23.5658226,23.6332798,23.65397453,23.616436,23.6277523,23.03717232,22.74295807,23.40657234,23.71886635,23.63552475,23.32143784,23.46430588,48.01367188,1657.593872,1731.828491,1858.860107,2659.370117,2826.641113,620.3754883,702.9417725,792.4987183,879.1000366,957.8447876,28.8842392,32.72846603,36.89817429,40.93026733,44.59656906,13.40391445,12.84707832,14.84766865,14.29700565,14.9210062
ZZ201500000060,ZZGE61FL,ZZ,2015,60,ZZ2015DHS,35.11791992,47.14103317,74.40431976,90.81955719,124.8566589,27.38491058,25.99366951,25.75144958,31.20783997,33.03356934,25.95367432,26.0495491,26.25885391,26.01604271,25.99718094,12.3177948,11.97651958,12.23454857,11.12517357,10.96883678,1,782.0341797,0.479398876,0.483351916,0.50075835,0.479972422,0.50834918,0,0,0,0,0,16.70871925,10,0,0.030755574,0.02941528,0.226900086,0.429986596,0.441155225,22.47505569,22.94607544,23.20239449,22.97602463,23.09558678,0.003858997,7.329194069,0.450240821,0.548884809,0.009833265,0.529057443,0.551044881,0.523128867,0.46477282,0.348949403,0.631907761,0.688544631,0.62164396,0.488537669,0.350597799,30.30516434,31.03281403,30.51744843,29.57395744,29.01931381,24.1328125,25.01983643,24.38198853,23.98506927,23.50898552,17.98736954,19.05629349,18.28289986,18.44878578,18.05047798,0,18.99643898,19.84260368,20.14593697,19.93600655,20.19399261,3.397265673,3.688541651,3.616449594,3.407639027,3.267447948,93.03381348,95.87873077,93.12882233,106.3450546,107.935463,1445.665039,1353.624268,1347.790039,1846.164307,1556.838989,22.81576729,23.07295036,23.18315697,23.12556076,23.01555252,22.0869236,21.99579239,23.0332756,23.47699165,23.28299332,22.65727234,22.60916328,574.5292969,7.073131561,8.703147888,15.46887684,16.68714523,21.77910233,284.9669495,330.9020386,382.3128357,434.6091003,485.283905,13.29174137,15.43429565,17.83225441,20.27151489,22.63514519,10.63749981,10.54181862,11.72172737,11.70694447,11.78454876
ZZ201500000061,ZZGE61FL,ZZ,2015,61,ZZ2015DHS,9117.009766,11703.77441,13060.04004,17413.74219,21319.23828,28.81114578,25.97540474,35.27921677,40.07807541,39.16465378,30.0368557,28.08295059,28.90045166,28.51934052,27.87461281,12.61237049,12.37517357,12.5535593,11.57035637,11.23181438,NA,1723.827148,0.333591849,0.398986101,0.380406618,0.374539942,0.379802614,0,0,0,0,0,38.26565933,12,2.691294193,0.01332195,0.012590281,0.657993436,0.624850154,0.157966003,22.68873215,21.99093819,22.33551979,22.34008789,22.14584923,14.21020985,21.3905735,31.49234009,0.715605378,13.17602539,0.231681257,0.045753717,0.078435048,0.078499191,0.05627967,0.180027857,0.023209861,0.04237552,0.043057695,0.030809341,26.44227409,27.09743881,26.68038177,25.79683304,25.43893242,20.11063385,20.88480949,20.37478447,19.98971367,19.80043411,13.82990456,14.7222662,14.12682343,14.22647667,14.20711803,0.048302554,15.34060669,15.89892292,15.77058983,16.16083336,16.41708565,2.999869823,3.194097281,3.142317772,2.976345539,2.932291746,86.4296875,82.96796417,110.8585129,119.2861938,114.8421936,794.8153687,969.7940674,1160.543335,993.9017944,1256.705322,19.59853554,19.41876793,19.29825974,19.1368351,19.11618805,18.92185783,19.35440636,20.21116066,20.04231453,19.63602257,18.9732914,19.22902679,11.69921875,1377.30481,1595.074951,1823.395508,2135.673096,2391.792725,9076.225586,10751.95605,12849.78516,15013.54883,17218.38672,422.2203674,500.1743164,597.7640381,698.4209595,800.9886475,13.97871017,13.74858952,15.94889355,15.73954391,16.40845108
ZZ201500000062,ZZGE61FL,ZZ,2015,62,ZZ2015DHS,373.802124,651.4763184,734.6796875,609.4776001,619.0125122,37.97771072,32.57689285,40.304039,42.42863846,44.85560226,25.74597168,25.89550972,25.81655121,25.20123863,26.1158638,11.74405479,11.43642998,11.67798042,10.55001545,10.63389778,NA,566.4599609,0.495664835,0.531012893,0.541455388,0.543896437,0.546351194,0,0,0,0,0,34.62498856,14,0,0.030903416,0.031317148,0.295324922,0.50982964,0.552380025,22.74352646,23.29214096,23.31327438,23.02399254,23.19168091,0.003136361,5.521324635,0.7390517,0.375323981,0.008949281,0.527338445,0.534594834,0.504686177,0.457409412,0.348626435,0.636620879,0.612280488,0.557387531,0.475732535,0.342754722,29.99165154,30.54160881,30.24317169,29.23253822,28.81711578,24.09673119,24.81360054,24.37900734,23.93247986,23.47067451,18.24759865,19.10517883,18.56519127,18.68252373,18.183218,0,19.74107933,20.68877411,20.80999947,20.84674835,20.26749611,2.994762659,3.179383755,3.210228682,2.940292358,2.879976988,113.73423,103.5744324,129.3851776,124.7526093,129.1831055,2142.895996,2014.66748,2181.617188,2246.685059,2084.92749,23.95534706,24.0155468,24.06459808,24.13634682,23.96153831,23.31472778,23.17205238,23.68014145,23.88996506,23.83481598,23.59020042,23.66671562,167.609375,70.3012085,121.3768463,142.1247406,115.7471619,111.5282898,192.3336487,218.5600586,247.1315002,274.9626465,300.5140381,8.946726799,10.16669273,11.49574184,12.79035473,13.97892094,12.22000122,11.65252018,14.03831291,13.03616905,13.25887585
ZZ201500000063,ZZGE61FL,ZZ,2015,63,ZZ2015DHS,56.48628616,76.68778992,86.44130707,109.8740158,124.5223236,38.51902008,33.35167694,49.70636368,45.05568314,45.47908783,25.91666603,26.24211884,26.62385368,26.26961708,26.63819504,11.73519993,11.54596329,11.71605873,10.06145859,10.60533905,NA,632.5615234,0.507102072,0.535317898,0.53658694,0.527360797,0.542597592,0,0,0,0,0,9.789299011,15,0,0.027935496,0.02322951,0.20404911,0.415486425,0.494832903,22.48488426,23.13626671,23.36478806,23.26737785,23.65032959,0.001591292,4.22658205,0.485613048,0.192394435,0.006345935,0.550275028,0.566287994,0.510214567,0.387830228,0.391044378,0.685485423,0.74703455,0.568661869,0.374398321,0.422475129,30.42165756,31.08481026,30.80330086,29.43146896,29.30616379,24.52938271,25.28684998,24.91822815,24.37912369,23.97938347,18.68645859,19.53884506,19.08724022,19.37000847,18.70082474,0,19.05310249,20.03041649,20.10572052,20.26513863,20.66246414,2.961979151,3.115407944,3.11184907,2.891927004,2.876215219,114.0925369,103.9040833,154.6786957,130.2977448,130.8076477,2186.979004,2075.770508,2244.895752,2025.148315,2068.281738,23.96815681,24.14595032,24.21650696,24.27349281,24.15023613,23.4716835,23.00138092,23.08739281,23.42274284,23.66010284,23.45820427,23.6692276,799.4326172,12.0196476,14.15805149,17.87838364,20.18820381,21.72078514,159.8521576,185.6194458,214.458313,243.7938995,272.2199402,7.430525303,8.628285408,9.968823433,11.33245087,12.65379906,12.157691,11.48837662,13.25176144,12.90290737,12.93172741
ZZ201500000064,ZZGE61FL,ZZ,2015,64,ZZ2015DHS,4871.324707,11063.84668,12184.33691,16409.62109,19979.66211,36.00340271,31.13925171,39.57904434,42.40143204,46.73152542,35.76080704,33.96789169,33.66993332,32.9891777,32.96942902,12.1625433,11.87254047,12.10150433,11.02018261,10.74741077,1,958.2822266,0.269833773,0.30660978,0.333715737,0.345791906,0.359671205,0.002228009,0.009246239,0.003787616,0.00490162,0.00233941,30.00040054,12,0.223626658,0.02041089,0.016201248,0.615944207,0.701751411,0.16830267,27.40611839,26.80073547,26.56302071,26.36542892,26.37896729,0.390761375,40.50879669,3.989851236,0.718099117,0.062411483,0.300501138,0.136771768,0.185906097,0.16451256,0.121589907,0.250648648,0.081962347,0.121912345,0.103243649,0.074704349,26.3432579,26.9463253,26.5374279,25.62395859,25.19195557,20.24066925,20.99150848,20.46351242,20.08185768,19.79011917,14.18071461,15.07378483,14.43592358,14.60377598,14.44454575,0.002755013,19.05142975,19.63357544,19.45611191,19.74167824,19.78850555,3.005121469,3.214076996,3.179137707,2.997757673,2.929875612,108.1946106,100.0839539,125.8272324,127.1092148,136.9175568,928.8894653,870.3752441,1023.236633,1118.658936,1054.055054,22.88982201,22.81201553,22.97961235,23.01332283,23.18706894,22.87083435,22.82911873,23.39806938,23.64372063,23.28150558,22.95211792,23.06637383,9.358398438,885.1335449,2070.528564,2355.204102,3180.166992,3671.942383,2805.199463,3178.545654,3583.502441,3975.093994,4331.160645,130.56633,147.9434967,166.7919769,185.0183716,201.5912781,14.71434402,14.14900303,16.35925674,15.91674042,16.88112259
ZZ201500000065,ZZGE61FL,ZZ,2015,65,ZZ2015DHS,490.2225647,341.8150024,468.947937,627.3972778,921.6794434,32.69952774,29.91192818,28.83160782,36.11924362,37.03764725,29.81411743,29.45084572,29.09872627,29.01883125,28.84760475,12.49037933,12.18906307,12.42259884,11.41835976,11.3203125,NA,522.1005859,0.389186591,0.395767003,0.41963473,0.428743124,0.442554563,0,0,0,0,0,29.47662926,11,0,0.040589664,0.042824775,0.280894011,0.477473617,0.587503195,24.73268318,25.10655785,24.99513245,24.90612221,24.95245361,0.001381771,7.992022991,0.609766722,0.439282209,0.00523828,0.485514373,0.521564305,0.476329267,0.493996143,0.321394652,0.538289487,0.580473423,0.538332939,0.518322349,0.306214899,31.77455139,32.41982269,32.033741,31.24512482,30.67659187,25.5108223,26.294981,25.79875565,25.51271629,24.99299812,19.28417397,20.23075867,19.6111412,19.82676506,19.35627937,0,19.65125084,20.76226807,20.89153862,20.79341507,21.05730247,3.261661053,3.506712914,3.518952608,3.251591444,3.170963526,106.6547775,104.8925476,101.4570618,117.4450226,117.4450226,1347.393433,1321.637451,1215.972168,1341.284546,1241.230713,24.76972008,25.30758667,25.55121994,25.41206932,25.74722099,25.01691437,24.70584106,25.26071358,25.09488106,24.79896164,24.73286057,24.64445877,60.42675781,86.93523407,63.10567093,84.73935699,115.2777023,160.7711639,478.8120728,555.9938965,642.3762817,730.2463989,815.3920898,22.32795334,25.92709351,29.95527458,34.05282974,38.02334213,10.09437752,9.671334267,10.97354126,10.78725338,10.78725433
ZZ201500000066,ZZGE61FL,ZZ,2015,66,ZZ2015DHS,16225.21484,19789.95117,18655.9082,22678.82031,23618.79688,40.52827835,34.39888382,47.16588211,53.01345444,51.9701004,24.19249916,23.93086815,24.08201408,23.62968826,24.38975906,11.97161484,11.72677994,11.92669296,10.88467884,10.70251751,NA,1545.03125,0.397871375,0.427726567,0.448587686,0.425096542,0.418400437,0,0,0,0,0,28.40934181,14,0,0.015719445,0.012060219,0.342237681,0.288502514,0.482276469,19.90522957,19.13387108,20.04166603,18.94321251,19.72344017,0.024455991,1028.41272,747.0043335,2.303962231,251.2338867,0.362440377,0.173038125,0.243818223,0.146814451,0.177789345,0.325774163,0.112848088,0.178626388,0.089560568,0.129738957,24.64904594,25.34913254,24.89513969,23.7787323,23.51232719,18.63849831,19.46132851,18.90616417,18.32378387,18.13723946,12.67743015,13.6223526,12.96844673,12.89405441,12.80980873,0.017531766,15.61795807,14.33687496,16.00131989,14.2567358,15.05712032,2.731380224,2.942361116,2.890755177,2.671006918,2.673697948,110.6981354,101.2139359,136.3450012,141.5993042,138.9523468,1069.11377,1033.030396,1385.366699,1242.888184,1198.153442,17.75824738,17.72844887,17.68209267,17.70767784,17.41391945,17.03627586,17.44875526,17.78819847,17.62225533,17.59274483,17.29801178,17.36705208,1.96875,3006.841553,3703.563721,3875.568359,4395.130859,4340.757324,1913.405151,2193.309326,2502.35498,2809.973145,3100.405518,124.4720306,142.6805267,162.7847595,182.7961273,201.6895294,14.59308147,13.93557644,16.78980446,16.02035522,16.44466019
ZZ201500000067,ZZGE61FL,ZZ,2015,67,ZZ2015DHS,657.5569458,637.4217529,922.3916016,627.1567383,819.6430664,36.31895828,30.53860474,39.00651169,40.41811371,44.10285568,25.20837212,25.74820518,25.92591476,25.75119209,26.26462936,12.15338516,11.82171631,12.07973099,10.97870445,10.95089722,NA,646.3398438,0.466520697,0.497754842,0.490215033,0.480952829,0.490840912,0,0,0,0,0,21.93351555,14,0,0.020855399,0.020796131,0.250660866,0.4844006,0.448596895,22.16510391,22.84316254,23.0316658,22.63582993,22.85871315,0.004650429,6.592264652,0.905828536,0.301407427,0.012053708,0.55258888,0.563081563,0.554842234,0.477761984,0.426274151,0.735735536,0.743123174,0.704887331,0.506003916,0.462373376,29.27821159,29.86425018,29.48370934,28.46637726,28.08932304,23.17634583,23.92808342,23.43016624,22.94817734,22.56592941,17.12482643,18.04253578,17.40398026,17.48767281,17.13842583,0,19.1218338,19.93811798,20.13741493,19.52046776,19.45279694,3.013787746,3.229759932,3.228009224,2.940494776,2.912717104,109.4576187,98.63236237,125.9133835,118.8492432,128.459137,2191.035156,2086.6875,2350.938232,2471.498291,2263.813965,23.33321571,23.37023354,23.47075462,23.47171593,23.40111542,22.71208,22.51025391,22.89861679,23.12504578,23.15408516,23.03671837,23.01148033,650.6425781,97.34148407,119.2894287,139.7049561,121.5422974,150.6372986,202.6530609,229.6243286,258.8791809,287.1685181,312.891449,9.427020073,10.68167019,12.04254818,13.35851192,14.55509186,12.82680702,12.20287895,14.54882526,13.60387707,14.1183157
ZZ201500000068,ZZGE61FL,ZZ,2015,68,ZZ2015DHS,76.09382629,65.67759705,56.40059662,54.19955063,70.71917725,26.56844711,25.44059181,25.04829979,30.42578125,32.15323639,26.07988548,26.90545082,26.90042877,25.76065826,26.22359276,12.25923061,11.91807079,12.17575264,11.0733223,10.89221668,1,880.8994141,0.461092234,0.453012884,0.478192866,0.461668104,0.479258925,0,0,0,0,0,14.18930817,10,0,0.025024772,0.024890611,0.205186352,0.407044679,0.402567327,21.98342133,22.95478058,23.10383224,22.42431068,22.76268196,0.003549028,6.078324795,0.346940428,0.546070099,0.010054343,0.515375078,0.534649849,0.511482418,0.442234427,0.342152238,0.594719291,0.651279926,0.593687475,0.456607848,0.340827614,30.30134583,31.00827599,30.52740288,29.58599472,29.02359772,24.15503502,25.02550697,24.42053032,24.02395821,23.55377579,18.04211617,19.09020615,18.35165024,18.51267433,18.13138008,0,17.88695717,19.00410843,19.30723572,19.0879631,19.30177116,3.427011013,3.715856552,3.644574642,3.433564901,3.298697948,91.05036163,94.53359222,91.29039764,104.468895,106.0638199,1424.842285,1341.668579,1358.764771,1841.321167,1562.847534,22.61273575,22.86441994,22.98573685,22.9275856,22.75555038,21.84785652,21.77506828,22.82346725,23.26197624,23.10403061,22.47724152,22.41550827,769.4863281,14.74973965,12.12535667,10.26785946,9.958601952,12.33574677,284.9320679,330.8615112,382.2660217,434.5558777,485.2245178,13.29174232,15.43429661,17.83225632,20.27151489,22.63514709,10.53740692,10.46537113,11.57374096,11.60601807,11.6848259
ZZ201500000069,ZZGE61FL,ZZ,2015,69,ZZ2015DHS,3893.602783,5030.766602,5804.603516,8760.573242,11400.24414,43.9669838,36.72275543,50.35760498,52.68821335,55.67911911,19.55655289,19.70576477,20.09781265,20.33371544,20.93930626,11.72061634,11.46822929,11.67890644,10.61814308,10.43784714,NA,2333.428467,0.432150394,0.476137161,0.457766831,0.462850869,0.483010471,0,0,0,0,0,32.49170685,14,0,0.00723957,0.005409175,0.195156544,0.317200184,0.269723058,14.840909,15.15592003,15.91621494,15.4234724,16.30701256,0.077966131,46.85431671,1.760105729,3.562686443,0.056598794,0,0,0,0,0,0,0,0,0,0,24.17790794,24.86488724,24.39861107,23.30000114,23.00894165,18.29700661,19.10312462,18.53459358,17.97690964,17.76532173,12.4572916,13.39665794,12.71970558,12.68185806,12.57109356,0,10.12526512,10.60607624,11.73461819,10.51322937,11.67471886,2.701649427,2.904644251,2.856467009,2.64535594,2.644227505,118.7833786,106.6665344,143.8448334,139.3790741,147.2282562,1402.342285,1398.799316,1743.54895,1744.695313,1584.190552,15.31737614,15.2725811,15.29745007,15.14775372,14.92278576,14.58824635,14.7533865,15.30447388,15.3390522,15.1901207,14.97406387,14.97876644,149.0732422,797.5906982,941.4759521,1285.887939,1697.789551,2095.182617,2518.557617,2853.754395,3217.331543,3568.909424,3888.592285,117.1332855,132.722641,149.6319275,165.983139,180.8509827,14.53730392,13.86637115,16.68551254,15.71118927,16.36878014
ZZ201500000070,ZZGE61FL,ZZ,2015,70,ZZ2015DHS,22.05603409,40.02650452,61.78512955,79.17990875,143.0244446,30.31885147,28.27245331,26.8836937,34.12469864,34.92625046,28.93666649,28.36616898,28.8377552,28.09120369,28.06871796,12.82335091,12.48731232,12.76848984,11.801404,11.645154,4,665.5957031,0.405881137,0.412927002,0.446135491,0.431783736,0.455304444,0,0,0,0,0,22.49850464,10,0,0.035191119,0.032117687,0.252542883,0.491096169,0.54830873,23.97094345,24.18793297,24.41392899,24.04986763,24.12612915,0.003145553,0.683196485,0.025939591,0.037403468,0.001662549,0.538065612,0.565982342,0.556521893,0.541882157,0.425645143,0.67792052,0.780406833,0.74050796,0.675760031,0.462274164,31.783638,32.43405914,31.93708038,31.20797157,30.60603333,25.3481636,26.16404915,25.53078651,25.27894974,24.75392151,18.96028709,19.94674492,19.16859055,19.40656853,18.96088028,0,19.00522232,20.00969887,19.99010468,20.00852966,20.18354225,3.331843138,3.593243599,3.567549229,3.298886061,3.223177195,101.0176544,101.5898132,95.9088974,112.573494,112.573494,1379.666138,1277.186646,1194.902466,1428.159546,1288.599487,23.70243454,24.0871067,24.44752502,24.42840004,24.69771767,23.81056404,23.71447372,24.37205315,24.27026176,23.87204361,23.51498795,23.50914192,206.1367188,3.89828372,7.073991299,12.96566772,15.59553814,26.73270607,342.0320435,501.1240234,730.5300903,1047.831665,1476.257324,15.96145439,23.38572693,34.09131622,48.89868546,68.89183044,9.679976463,9.363068581,10.36749268,10.40999699,10.40999699
ZZ201500000071,ZZGE61FL,ZZ,2015,71,ZZ2015DHS,1495.092651,1877.863037,1899.063354,2923.658936,3296.699219,28.61168861,25.17362404,35.43014908,43.03482437,35.60699844,27.29131317,27.25315857,26.93629646,27.73056602,26.86795235,12.70490456,12.43208981,12.62265682,11.65149021,11.51257229,NA,921.0947266,0.341376007,0.368636876,0.379175514,0.354056925,0.400956929,0,0,0,0,0,31.36428833,14,0,0.026186397,0.01931926,0.199410424,0.549552023,0.719833672,23.21918297,23.50316048,23.15049744,23.26418114,23.13671303,0,0,0,0,0,0.460369736,0.301884264,0.249156773,0.131339416,0.253923386,0.457856387,0.251825839,0.194002301,0.078421436,0.217523158,27.40758133,28.12666512,27.81530762,26.65377617,26.42537689,21.02123833,21.88475037,21.48420143,20.80078125,20.63731194,14.70267677,15.69457531,15.19265079,15.00228596,14.91280365,0,19.14705086,19.75316048,19.36469841,18.79779816,19.40547371,2.963512897,3.181278944,3.132002354,2.816247225,2.908492565,84.79109955,80.08432007,110.967308,121.196701,103.5626907,892.8727417,912.9768066,1212.742676,1104.518921,945.7957153,23.25030899,23.31626701,23.28626251,23.13814354,23.17101097,22.72028923,22.61220741,22.76705742,22.83393669,22.84776306,22.72008896,22.87938118,116.9248047,324.1065063,375.0321045,396.2937622,521.4370117,557.6345215,1544.651978,1820.748657,2135.422607,2464.212891,2793.120605,73.87998962,87.08556366,102.1362686,117.8621597,133.5936584,14.68325138,13.89406967,16.05913734,16.30808067,16.1930809
ZZ201500000072,ZZGE61FL,ZZ,2015,72,ZZ2015DHS,556.1318359,714.3014526,833.3095703,1196.805908,1484.841187,46.6126442,42.98081207,46.23195648,47.17350388,47.23363495,27.29878807,27.46577454,27.47357559,27.36210632,28.19507027,11.00008678,10.67960072,10.91883659,10.24626732,10.24626732,NA,459.2460938,0.528082192,0.55360055,0.559346735,0.556109011,0.556298912,0,0,0,0,0,26.22223663,15,0,0.047012415,0.040527426,0.296141088,0.535318971,0.582299888,23.19532204,23.85975838,24.2846241,24.00381851,24.42451668,0.003044993,0.500603914,0.022826759,0.051146764,0.001577536,0.557998598,0.568804383,0.563329816,0.509330213,0.450574517,0.765502334,0.898149729,0.746850789,0.586726546,0.53028363,30.99173927,31.48831177,31.43548965,30.54798889,30.41536522,25.46943092,26.11909676,25.94929123,25.4003334,25.26770782,19.99165154,20.8087101,20.51665306,20.30172157,20.1690979,0,19.091856,20.2537384,21.09566879,20.64553261,20.65396309,3.036082268,3.08608222,3.061082125,2.999985456,2.996166229,141.5198212,132.6423187,141.5198212,141.5198212,141.5198212,1669.034058,1681.686646,1648.305664,1516.137817,1478.333862,24.92642784,25.17892265,25.21671104,25.30179214,25.06583023,24.580616,23.83935928,23.80143929,24.19608688,24.53402519,24.34309387,24.51599121,53.61132813,111.4997025,132.6076813,162.0602417,211.3571472,248.6254272,92.67825317,107.0271988,122.9773102,139.032486,154.3919983,4.307974339,4.97495842,5.716369152,6.462663651,7.176621914,12.14230347,11.74446011,12.14230347,12.14230347,12.14230251
ZZ201500000073,ZZGE61FL,ZZ,2015,73,ZZ2015DHS,687.4449463,680.9282227,1036.242432,880.4230347,1158.094604,40.86284256,33.51985931,45.86320877,46.33825302,47.05982971,26.55669212,26.55109978,26.74648285,26.49957275,26.92107582,11.79908848,11.31963253,11.68402767,10.3198204,10.47780704,NA,534.1982422,0.509609461,0.533112168,0.526311219,0.540447295,0.570894539,0,0,0,0,0,21.95340347,15,0,0.048477437,0.030750684,0.27506417,0.501143277,0.550323427,22.9165554,23.39792442,23.90414429,23.70235634,23.84980774,0.000865523,6.424035549,0.705486357,0.271848679,0.009589119,0.563876152,0.569347858,0.554267585,0.467424214,0.431714118,0.781417787,0.861528814,0.717713535,0.485939473,0.495258361,30.61323738,31.06393242,30.9683609,29.79521179,29.49158096,24.68880272,25.38217735,25.10190964,24.60840607,24.22507286,18.81414986,19.74429893,19.28433228,19.47539139,19.01377296,0,19.27642059,20.24475098,21.06180573,20.90513992,20.77854156,2.929224491,3.132855892,3.165784121,2.882262707,2.84292531,119.6964417,105.0128937,145.1930237,133.559021,133.7875824,2053.109863,2002.957397,2057.748047,2027.340332,2051.700684,24.36300087,24.53672409,24.56559181,24.70996475,24.47551346,23.90922928,23.41375923,23.49903107,23.82096291,24.08198738,23.81393814,24.03302193,241.3974609,98.11806488,125.7125397,147.5352173,161.7685394,202.0097504,159.8421021,185.6077576,214.4448242,243.7785492,272.2027893,7.43052578,8.628284454,9.968823433,11.33245087,12.65379906,12.05614758,11.26951313,12.88532543,12.72549152,12.73781204
ZZ201500000074,ZZGE61FL,ZZ,2015,74,ZZ2015DHS,1679.054199,2836.278809,1807.793701,2515.083008,2707.308105,23.9513855,20.80203438,27.81304169,36.40126801,29.06992722,28.30308151,28.10243034,27.47661972,27.69344902,27.47916794,13.19600677,12.93835354,13.12785053,12.17563725,11.98346329,NA,1097.425781,0.42373535,0.461570889,0.467657179,0.447638094,0.479973644,0,0,0,0,0,19.32927132,12,0,0.021468762,0.021850212,0.245638892,0.69980824,0.688280582,22.75691986,23.03810883,22.95450211,22.9821701,23.03480911,14.26611233,105.5003891,42.76571655,12.42039013,2.106361628,0.470243901,0.288059175,0.196050003,0.115144022,0.190925419,0.423065543,0.218813792,0.128011167,0.063766368,0.134256244,28.85219955,29.5264473,29.28767395,28.2627182,27.94234657,22.23421669,23.03030968,22.70037651,22.15426826,21.92206383,15.65619278,16.5880928,16.15982437,16.08708,15.95888329,0,17.21075821,17.97378349,18.43238449,18.27089119,18.59045029,3.157798052,3.354803324,3.307638884,3.043084621,3.082827091,75.63363647,69.78673553,91.99550629,110.7721405,89.61756134,993.8070679,952.3639526,1347.959595,1214.072021,1199.706055,22.04369926,22.26074028,22.30554199,22.02019882,21.85731888,21.45767784,21.59128952,21.82847595,21.80639648,21.54583549,21.47977829,21.54160881,156.6308594,384.5635986,495.0780945,429.0114746,407.7533569,418.5018921,1597.630249,1729.049927,1863.913818,1990.054199,2107.257568,74.26437378,80.37329865,86.64231873,92.50584412,97.95393372,14.88652325,13.98258114,16.13518524,16.39243317,16.29419327
ZZ201500000075,ZZGE61FL,ZZ,2015,75,ZZ2015DHS,119.9878769,163.4621582,210.7876282,304.3662415,453.6615906,33.70950317,30.03260994,44.08852005,41.87612152,41.54146957,23.66772842,24.22034645,24.31111145,24.68413162,24.72638893,12.12447929,11.83094597,12.05177975,11.06011295,11.04678822,NA,1163.050781,0.444788098,0.450274646,0.458000869,0.437173426,0.465891957,0,0,0,0,0,15,15,0,0.01995782,0.015794454,0.142699525,0.410178632,0.587537646,19.83250046,20.48993111,20.75190926,20.91836739,20.76774216,0.01222039,8.103822708,0.625551283,0.761245608,0.015371928,0.519236445,0.493488282,0.413774014,0.189522311,0.34696573,0.582092702,0.516291678,0.395960659,0.130936131,0.345200092,26.37274361,27.02734375,26.78671837,25.66041565,25.36232758,20.28277016,21.09431458,20.73220634,20.10577202,19.80438423,14.24826431,15.19639778,14.73493958,14.60030365,14.31553841,0,15.99727345,16.75951385,17.19270897,17.15260506,16.80909348,2.787977457,2.98398447,2.955685854,2.632682323,2.746744871,93.9813385,89.61683655,130.3118134,110.2465286,114.1038208,1776.423218,1733.922363,2019.237305,1722.299438,1612.52832,21.06353378,21.23251915,21.53400803,21.56255913,21.35639191,20.68103981,20.46968079,20.75487709,20.86926651,20.70413399,20.63591385,20.95397186,315.9638672,24.59624863,32.64538574,39.79304504,54.28397751,76.73656464,1150.367188,1355.988037,1590.338989,1835.202759,2080.154297,53.47107315,63.02869034,73.92173004,85.30342865,96.68920135,14.38203526,13.69209194,15.80193138,15.38875866,15.7959547
ZZ201500000076,ZZGE61FL,ZZ,2015,76,ZZ2015DHS,5510.766602,5331.137695,5292.895996,9988.977539,12111.48145,45.30561447,35.73804092,41.5559845,46.21781158,47.20941544,27.91708374,28.05048752,28.40436363,29.17992401,29.22958946,11.47067451,10.93991661,11.34165287,9.994082451,10.1078701,NA,500.4638672,0.456129581,0.45996654,0.482124418,0.456754893,0.49952805,0,0,0,0,0,33.35142136,14,0,0.056862395,0.053362001,0.313002318,0.576435864,0.603158772,23.82048035,24.40949631,24.72461319,25.23133278,25.22758484,0.001695718,11.22267628,0.794590473,0.397629142,0.011187166,0.388918191,0.344765931,0.321321517,0.272191644,0.200395077,0.381120622,0.30468747,0.280356854,0.22558777,0.159447104,30.93990135,31.28379631,31.28054237,30.27858734,29.90191078,25.18162537,25.79263687,25.57479858,25.26277542,24.82866096,19.46922684,20.3438797,19.93888855,20.28450584,19.79404068,0,19.72387505,20.768507,21.04486084,21.28274155,21.22557831,2.950694561,3.161704302,3.207537651,2.928761721,2.867404461,133.6830292,112.9931183,133.2923889,135.3609619,135.3684845,1651.687622,1603.598145,1522.493286,1479.443359,1442.285034,24.49508286,24.69845772,24.89692497,25.03738403,24.9880619,24.22061157,23.64055634,24.0850563,24.41941261,24.49598122,24.46270752,24.45724297,13.65527344,990.781311,984.2312622,966.7763062,1835.370239,2112.640381,5161.442383,5993.437988,6924.612793,7871.824707,8789.667969,240.2362366,278.960968,322.3019409,366.3893738,409.1098328,11.34844875,10.5158186,11.91625404,11.78802013,11.78830242
ZZ201500000077,ZZGE61FL,ZZ,2015,77,ZZ2015DHS,537.4373779,534.4207153,513.5219116,773.793396,873.6420288,51.2007103,44.90862274,52.26265335,56.67881775,64.80288696,23.92695618,22.88946724,23.93386459,23.00102997,22.77676582,11.10671329,10.8072052,11.04852486,9.919705391,9.696932793,1,2145.061523,0.361920059,0.399562269,0.398885697,0.41222325,0.426261932,0.01370949,0.032343749,0.028284144,0.028916376,0.015639467,28.31753922,12,0,0.008700547,0.011123717,0.194964737,0.397381246,0.1084482,16.7992115,16.56412697,17.23493576,15.45957184,16.71638107,0.190700129,37.60618591,1.86431551,2.412065268,0.088781007,0,0,0,0,0,0,0,0,0,0,21.8046875,22.46806908,22.00953484,20.99782944,20.60507774,16.22994995,17.03783226,16.46054649,16.00995445,15.72161484,10.69797516,11.66086578,10.96100998,11.078125,10.9081459,0,9.67146492,10.23878479,10.53600693,7.918113232,10.65599537,2.566290617,2.800665617,2.736328125,2.563556194,2.530411005,131.3959045,125.7740326,143.0077667,145.2993317,163.9779358,1647.526367,1419.942871,1415.023682,1667.644531,1456.602173,16.43621445,16.42968941,16.3566761,16.22940254,15.99816227,15.41770267,15.53046322,16.44511223,16.95899582,16.65898323,16.15081787,16.34262657,125.5410156,119.3179321,100.013443,117.1791916,149.9603119,160.5614471,621.2816772,703.9685669,793.656311,880.3841553,959.2439575,28.93533134,32.78635788,36.96343994,41.00267029,44.675457,15.60023117,15.02904701,17.28679657,16.80332756,17.77378845
ZZ201500000078,ZZGE61FL,ZZ,2015,78,ZZ2015DHS,424.5769653,825.7392578,940.8283691,1922.782959,2249.74585,34.21114349,30.61790276,31.50672722,38.07086945,39.43886566,26.79181862,26.77458382,27.01864624,27.33926964,27.66780853,12.28268242,12.0040369,12.2067709,11.08502674,11.09974003,NA,645.6855469,0.529797196,0.517075002,0.524513066,0.501442194,0.515956521,0,0,0,0,0,18.31125832,11,0,0.03325998,0.045787051,0.306520373,0.469658881,0.5696311,23.0073452,23.35692787,23.70822906,23.86807251,24.03031158,0.001338135,8.83154583,0.583179712,0.364612907,0.006408205,0.432420641,0.386019975,0.370816708,0.410082191,0.245624214,0.455425829,0.352237195,0.350663483,0.389382809,0.213569224,30.68307304,31.37460899,30.89388084,29.95390701,29.4373703,24.51666832,25.34570313,24.76809883,24.38919258,23.86979103,18.40039063,19.37057304,18.68710899,18.86888123,18.33763123,0,19.2228756,19.93927193,20.39781189,20.39687538,20.39281464,3.191927195,3.430208445,3.42578125,3.152734518,3.070182323,109.1994781,105.0257874,107.9351578,120.0273438,121.0845032,1543.811646,1510.18689,1403.936523,1550.12207,1392.346558,23.95324326,24.24500465,24.48856163,24.36381149,24.43237305,23.78193283,23.49864197,24.15856171,24.31137276,24.03735161,23.86418724,23.80691147,157.3867188,83.2117157,152.447464,198.074295,353.2912903,392.4295959,285.2392273,331.2181702,382.6781006,435.0243225,485.7475586,13.29174232,15.43429565,17.83225441,20.27151489,22.63514519,11.11666679,10.71062469,12.12644482,11.96562481,12.01234341
ZZ201500000079,ZZGE61FL,ZZ,2015,79,ZZ2015DHS,2139.433105,2876.728271,6693.63623,12376.66602,14734.02539,40.68026733,34.33906174,50.89356995,45.9901619,46.90019989,26.90049171,26.7837162,27.04649353,26.43777657,27.54166603,11.69752598,11.33046913,11.61223984,10.07057285,10.42838573,NA,565.5449219,0.514178038,0.551144063,0.540222883,0.553327262,0.558169961,0,0,0,0,0,35.30742645,15,0,0.049889822,0.038501471,0.293286771,0.496469259,0.587028384,22.98218346,23.2002449,23.88423538,23.46648788,24.40647507,0.00817456,225.0848083,2.841351986,3.7461555,0.079541311,0.543253958,0.553677201,0.511555731,0.375418842,0.349251747,0.687045276,0.722821236,0.602908373,0.36088717,0.355337769,30.57517433,31.05364609,30.89032173,29.68862915,29.43055534,24.69730949,25.36788177,25.05889702,24.62634659,24.19092941,18.8776474,19.72317696,19.27808189,19.61805534,19.00217056,0.052748539,19.0638752,19.61677361,20.72197723,20.4951973,21.2712822,2.946527719,3.134418488,3.166363001,2.877257109,2.834592104,119.8655396,107.632988,161.147522,132.3255157,132.9429321,2073.438477,2024.97937,2087.269043,2077.998047,2002.832397,24.13542366,24.23589325,24.34922409,24.47275162,24.25133514,23.64513779,23.23297501,23.46103668,23.73774529,23.95487595,23.75472069,23.90067291,68.17773438,394.3651123,531.0997925,1149.126709,2274.083252,2570.098145,138.7089691,161.0680847,186.0925293,211.5479736,236.2141724,6.449549198,7.489181042,8.652742386,9.836343765,10.98324776,11.89738655,11.33656216,13.03006458,12.64895821,12.6798954
ZZ201500000080,ZZGE61FL,ZZ,2015,80,ZZ2015DHS,9511.444336,11041.08398,14618.73535,18420.50977,22351.43359,30.73599625,27.66127777,34.11859894,36.00564575,41.78688049,26.79397774,25.7361927,26.09210777,25.56490707,25.04501724,13.16461277,12.86469936,13.07468224,12.00419617,11.678545,1,1958.890625,0.364927948,0.416695327,0.410847217,0.421009362,0.439132214,0,0.000147569,2.45949067902984e-05,0,0,37.77320099,11,0,0.009628077,0.009585266,0.201073363,0.666949034,0.03526897,19.68754387,19.5796299,19.84770203,19.23211861,19.43144989,19.17011261,198.3413544,78.40236664,8.544408798,10.9458065,0.420794696,0.195229337,0.122917086,0.090959653,0.118395492,0.409240276,0.132861435,0.071599551,0.049337182,0.070267707,26.92462349,27.49227524,27.14950752,26.30500603,25.90357399,20.31833076,21.03687859,20.58265305,20.26762199,20.03240776,13.76001167,14.62757492,14.07482624,14.30081081,14.22502899,0.079289384,12.58111095,13.42306709,13.60329914,12.89932823,13.81788445,3.131062031,3.342520237,3.321585655,3.146137238,3.076200962,96.23631287,92.45838165,113.327858,113.2787018,128.5448456,1207.857788,1089.731567,1297.878662,1577.544922,1694.735962,17.36789894,17.49383163,17.30423737,17.29625511,16.93660355,16.40033913,16.40544319,17.42991447,18.03990936,17.79713631,17.19164848,17.34862328,4.231445313,1492.203857,1746.892822,2310.624023,3075.858643,3611.845215,7490.20752,8908.584961,10656.90918,12490.98633,14381.99121,348.7241211,414.7600098,496.1573181,581.5470581,669.5872192,14.8010397,14.37825489,16.43858337,15.88238144,17.4176712
ZZ201500000081,ZZGE61FL,ZZ,2015,81,ZZ2015DHS,1725.782471,3959.741211,3005.820313,5957.316406,7036.35498,40.00331116,34.39815521,41.31503677,44.5528183,46.24085236,25.87818336,25.67531204,26.30597305,26.05347252,26.92308617,11.53802109,11.20568562,11.46727467,10.30863762,10.4253912,NA,551.2724609,0.518949986,0.522470474,0.529889941,0.529886305,0.548936367,0,0,0,0,0,35.71554947,14,0,0.040017363,0.047642868,0.306501061,0.563603759,0.581074476,22.8216114,23.17017555,23.49286842,23.25299835,23.56433868,0.005167337,8.629050255,0.735452175,0.524939179,0.008196658,0.456677884,0.447650164,0.425852865,0.456661224,0.274918884,0.501451612,0.452486992,0.431737006,0.474067211,0.253680408,30.04344749,30.59409714,30.28997421,29.28732681,28.875,24.2575531,24.96263123,24.533638,24.11566925,23.63875961,18.50542641,19.38841057,18.82269859,18.97868919,18.44960976,0,19.76504135,20.66504288,20.67976379,20.45252419,20.2055912,2.95230031,3.160937548,3.180729151,2.90542531,2.838975668,118.1017761,108.7304306,131.4119415,129.4448853,131.2766571,1967.978638,1859.123291,1890.540405,2046.36145,1985.01355,23.78931046,23.85500526,24.00278282,24.04840088,23.9011631,23.29499626,22.99130249,23.51503181,23.75766373,23.69042397,23.52309608,23.60547066,38.90429688,430.6660767,731.0449829,797.9656372,1094.594727,1227.37146,318.9141541,370.3213501,427.8565674,486.3826904,543.0942383,15.29247665,17.75753975,20.51645088,23.32287788,26.04229355,11.82803822,11.35999966,13.52416229,12.70768166,12.79069424
ZZ201500000082,ZZGE61FL,ZZ,2015,82,ZZ2015DHS,53.23064804,75.37835693,79.58716583,83.9582901,98.89610291,39.02010345,33.42297363,42.99593735,44.32735825,46.77294159,24.79216003,25.18687439,25.43635368,25.05895805,25.74697304,11.72565174,11.42369843,11.67265606,10.50013065,10.61757851,NA,830.1630859,0.414760202,0.444154143,0.448717177,0.439388037,0.467652708,0,0,0,0,0,15.24869442,14,0,0.02632363,0.020739133,0.23649241,0.392449677,0.46933502,21.99416161,22.45811272,22.73505211,22.46742058,22.95975494,0.005060438,6.163300991,0.683370471,0.324740082,0.006102428,0.527834892,0.533553898,0.490913182,0.400130838,0.369462401,0.639690518,0.620857596,0.538614333,0.39791432,0.378112674,29.29570389,29.85781288,29.57187462,28.52200508,28.13320351,23.40390587,24.12239647,23.70690155,23.24648476,22.79856873,17.5700531,18.43411446,17.89921951,18.02187538,17.515625,0,19.19616318,19.72935295,20.03375053,19.87588501,20.17253876,2.927864552,3.106119871,3.142057419,2.854296923,2.803125143,114.245575,103.8157578,135.0957031,126.5234375,131.1104126,2303.246826,2122.184814,2477.560791,2416.621338,2300.702393,22.85569954,22.95386505,23.01922798,23.13565254,22.93307686,22.15666389,21.80639267,22.29586983,22.50515556,22.64152145,22.50232506,22.50683975,542.6669922,10.03348064,13.91630554,15.1802845,15.42645836,17.25072861,138.685791,161.041153,186.0614319,211.512619,236.1746826,6.449549675,7.489180565,8.652742386,9.836343765,10.98324776,12.51334572,11.92643261,14.43565083,13.33802032,13.57613277
ZZ201500000083,ZZGE61FL,ZZ,2015,83,ZZ2015DHS,504.5409851,561.6594238,608.9604492,836.0656128,1042.577637,33.51822662,29.4088459,42.03643799,45.14874268,42.43612289,22.41287804,22.71496582,22.17513847,22.90430641,23.00569534,12.34566021,12.08359432,12.27608585,11.26163197,11.16267395,NA,1498.467773,0.504051685,0.51053071,0.527169406,0.527023792,0.525982678,0,0,0,0,0,22.73317909,15,0,0.016382514,0.010379971,0.166714326,0.253474742,0.504132271,18.57352257,18.84125137,18.76183128,18.87393379,19.20156288,0.03082915,12.17488098,0.948245704,1.919569135,0.032992419,0.425661564,0.314013481,0.285764784,0.165199861,0.259719849,0.41653049,0.266530603,0.234029412,0.106852382,0.225905567,26.76076508,27.46679688,27.10330009,25.90243149,25.67478371,20.56310844,21.40229988,20.94231796,20.24982643,20.06640625,14.41510487,15.38320351,14.82721329,14.64079857,14.51210976,0,14.73416615,14.96753788,15.34852314,14.84356022,15.39743042,2.862586737,3.073741436,3.02777791,2.720703125,2.806033134,95.94882965,90.39518738,127.2769928,122.8363266,119.0771713,1412.292969,1364.459106,1738.690796,1651.544434,1410.78064,17.96015358,17.99866676,18.08326912,17.93812561,17.84803772,17.60393524,17.5196476,18.05573845,18.14573288,18.07639503,17.92673492,17.86739731,161.4199219,99.31702423,112.1702271,111.6358795,149.1130066,176.3513184,237.7499084,280.2461853,328.6802368,379.2869568,429.9118347,11.05232239,13.02785397,15.27941608,17.63197899,19.9853878,14.38391018,13.68756008,16.0609684,15.66183567,15.96611977
ZZ201500000084,ZZGE61FL,ZZ,2015,84,ZZ2015DHS,397.9141541,564.4506226,476.6542358,852.5419922,1083.689331,40.45256424,34.19689941,33.77495575,43.40885162,44.35536575,26.58689308,26.43996429,26.68038177,27.04992485,27.32770348,11.7176218,11.37925339,11.64696217,10.3646698,10.50373268,NA,549.9863281,0.530704558,0.545513749,0.556893229,0.527309179,0.544130564,0,0,0,0,0,23.28189468,12,0,0.031742539,0.033780202,0.267994821,0.468898714,0.566295981,23.08885002,23.70358086,23.68430519,24.0062809,24.20527267,0.005705609,19.69677353,0.92049998,0.712690055,0.01275753,0.447704285,0.414191425,0.397375286,0.415504485,0.2679649,0.467995763,0.398260057,0.386158645,0.39799884,0.23480849,30.64557266,31.14023399,30.92764854,29.96193695,29.5517807,24.75881195,25.43316078,25.07773399,24.75716209,24.27152824,18.92795181,19.76098251,19.28068733,19.59726715,19.04804802,0,19.59080505,20.96719742,20.68823051,20.96263885,21.08284378,3.030946255,3.241666794,3.264974117,2.982682467,2.921137094,122.6095505,110.85495,110.274353,129.474823,129.5681,1545.584961,1448.293213,1414.834717,1470.856812,1403.704346,24.37955856,24.74879646,24.960783,24.84470558,24.91353035,24.20415306,23.69283295,24.17707825,24.37659454,24.39310646,24.43655968,24.33753014,209.2275391,102.904808,104.2085266,125.4050217,156.6456909,189.0310059,328.3804321,381.3135376,440.5565491,500.8199158,559.2148438,15.29247761,17.75753975,20.51645088,23.32287979,26.04229546,11.2620697,10.55164909,12.25580692,11.90034676,11.90412331
ZZ201500000085,ZZGE61FL,ZZ,2015,85,ZZ2015DHS,2847.674561,3190.913574,3280.884033,3982.758545,4350.118164,20.44394684,21.5437603,20.14889908,24.04074478,27.59325981,32.76833344,30.81329918,30.81970978,30.42805481,30.05831337,11.65382004,11.29580498,11.55613422,10.48175621,10.05587387,1,939.3652344,0.319523126,0.35167101,0.357772171,0.35275799,0.375097781,0,0,0,0,0,28.5890522,9,0.540023208,0.027986102,0.086826064,0.515990257,0.622540176,0.298031837,24.96351624,24.53574753,24.65846634,24.57011032,24.48642921,1.952097416,4.495123863,2.24835825,0.152742401,0.739306748,0.516792715,0.418868154,0.323679417,0.16633749,0.232734829,0.56833142,0.392869711,0.270871669,0.104500763,0.175340831,29.10305405,29.69108963,29.32895088,28.5596199,28.06009865,23.25115776,24.01953125,23.52278709,23.29434395,23.00422478,17.44923401,18.39528465,17.7728157,18.07786369,18.00422478,0,17.15869904,18.25819397,18.4972229,18.71216393,18.91454506,3.692013979,3.966261625,3.865465879,3.672193289,3.631857634,75.4793396,85.44818878,77.88488007,88.28226471,100.2147903,1037.91748,892.3897705,973.0964355,1328.102051,1108.505493,22.52039719,22.65397644,22.68707848,22.74160767,22.49274063,21.68287659,21.69334793,23.04429054,24.35646629,24.20104599,22.65008163,22.37961578,27.23242188,628.0430298,682.4118652,749.710083,774.6573486,801.4486694,2232.128418,2544.217041,2933.300049,3371.866699,3831.779053,104.1325989,118.6920624,136.8434448,157.3033295,178.7590179,10.97078228,11.25462627,11.86881638,12.16503716,12.80578518
ZZ201500000086,ZZGE61FL,ZZ,2015,86,ZZ2015DHS,2139.433105,2876.728271,6693.63623,12376.66602,14734.02539,40.68026733,34.33906174,50.89356995,45.9901619,46.90019989,26.90049171,26.7837162,27.04649353,26.43777657,27.54166603,11.69752598,11.33046913,11.61223984,10.07057285,10.42838573,NA,565.5449219,0.514178038,0.551144063,0.540222883,0.553327262,0.558169961,0,0,0,0,0,35.30742645,15,0,0.049889822,0.038501471,0.293286771,0.496469259,0.587028384,22.98218346,23.2002449,23.88423538,23.46648788,24.40647507,0.00817456,225.0848083,2.841351986,3.7461555,0.079541311,0.543253958,0.553677201,0.511555731,0.375418842,0.349251747,0.687045276,0.722821236,0.602908373,0.36088717,0.355337769,30.57517433,31.05364609,30.89032173,29.68862915,29.43055534,24.69730949,25.36788177,25.05889702,24.62634659,24.19092941,18.8776474,19.72317696,19.27808189,19.61805534,19.00217056,0.052748539,19.0638752,19.61677361,20.72197723,20.4951973,21.2712822,2.946527719,3.134418488,3.166363001,2.877257109,2.834592104,119.8655396,107.632988,161.147522,132.3255157,132.9429321,2073.438477,2024.97937,2087.269043,2077.998047,2002.832397,24.13542366,24.23589325,24.34922409,24.47275162,24.25133514,23.64513779,23.23297501,23.46103668,23.73774529,23.95487595,23.75472069,23.90067291,68.17773438,394.3651123,531.0997925,1149.126709,2274.083252,2570.098145,138.7089691,161.0680847,186.0925293,211.5479736,236.2141724,6.449549198,7.489181042,8.652742386,9.836343765,10.98324776,11.89738655,11.33656216,13.03006458,12.64895821,12.6798954
ZZ201500000087,ZZGE61FL,ZZ,2015,87,ZZ2015DHS,31.3327961,54.12014008,81.57633972,145.5582886,261.4677429,29.33254814,28.11849976,27.37586594,33.49595261,34.24182892,29.91439438,29.14715195,29.75006866,28.96006966,29.0981636,12.81493092,12.46987915,12.76766491,11.83776093,11.64453125,4,629.890625,0.389240921,0.415071547,0.402775705,0.4144288,0.416447222,0,0,0,0,0,16.52576065,10,0,0.033182044,0.028995318,0.241525993,0.502895117,0.528071463,24.41396713,24.5131073,24.72534752,24.43357658,24.6950016,0.003099716,0.744033039,0.030071292,0.049467247,0.004215738,0.530496359,0.555190563,0.547922313,0.533370674,0.400164813,0.652117133,0.728470683,0.707978487,0.644924998,0.418278873,31.80620766,32.45490646,31.93910599,31.2370224,30.63632774,25.37296104,26.19691849,25.533638,25.29253578,24.78185844,18.99127579,19.98502731,19.17144203,19.39926338,18.99179649,0,18.91354179,19.87906265,19.70062447,19.90708351,20.2918396,3.360764027,3.613975763,3.588150978,3.317578077,3.245312452,98.57978058,101.6195755,98.22873688,111.1254349,111.1254349,1339.624756,1215.646362,1166.916382,1439.375854,1229.398682,23.86063194,24.23730087,24.61128426,24.5355854,24.73857498,23.74466705,23.72081947,24.57383537,24.56573677,24.12938309,23.67903519,23.59962082,346.4130859,5.87015295,9.564797401,17.65298653,28.66964531,48.87095261,341.9187012,500.9579468,730.2880249,1047.484375,1475.768066,15.96145439,23.38572693,34.09131622,48.89868164,68.89183044,9.475581169,9.232352257,10.17399311,10.18454838,10.18454838
ZZ201500000088,ZZGE61FL,ZZ,2015,88,ZZ2015DHS,34480.79688,34613.01172,48847.01563,46547.62891,54535.89063,36.26631165,31.70892334,42.70698929,53.01270676,46.5210495,26.35344696,25.95991898,25.57886696,26.12421227,26.29931068,12.46626186,12.23580742,12.41466999,11.42424774,11.16119766,NA,1765.611328,0.379558146,0.416149616,0.41490069,0.388261974,0.387815833,0,0.009895833,0.001209491,0.005140335,0.000302373,41.62509155,13,0,0.014301279,0.015305053,0.50463903,0.471451581,0.307307988,19.36655426,19.65299225,19.39438057,19.46204948,19.80821228,86.28882599,81.18011475,173.0622253,113.9901047,61.83801651,0.273562312,0.061901286,0.083568916,0.052271273,0.075250387,0.232128829,0.032683112,0.045757774,0.027455224,0.04399747,23.83876038,24.55577278,24.1291523,23.09243393,22.82572365,17.58246422,18.41524887,17.89706421,17.35885429,17.21883774,11.37249756,12.31996536,11.71448231,11.66818619,11.66452599,1.472910881,12.37965965,13.34606457,13.20989609,12.79988384,13.31711578,2.643619776,2.837572336,2.790104151,2.576967716,2.618214846,95.87433624,89.97636414,119.1569443,136.61203,121.8021011,1012.689758,971.7023926,1459.82312,1263.205933,1243.646118,17.97334862,17.96579933,17.93627548,17.65688705,17.5381031,17.37528229,17.79917526,18.01019287,18.06659508,17.75658226,17.65130043,17.7287941,1.821289063,4297.599121,5067.606934,5901.818359,6274.257324,6809.062988,28157.93945,32860.12109,38606.5625,44219.55078,49542.24219,1309.284302,1527.925781,1795.123169,2056.115234,2303.608887,15.23895359,14.67805099,17.46826172,16.97483826,17.32665634
ZZ201500000089,ZZGE61FL,ZZ,2015,89,ZZ2015DHS,2629.040283,2887.054199,3375.892334,3827.871582,5384.58252,33.19160843,29.66255379,27.9309063,36.48949051,37.4186554,30.09202003,28.79323006,29.31979179,29.2170372,28.92558861,12.48757267,12.21024323,12.41733265,11.34743977,11.32274342,NA,582.3115234,0.398222327,0.424404651,0.41901499,0.428288907,0.440401673,0,0,0,0,0,32.92108154,11,0,0.042417772,0.046250157,0.279152423,0.450512707,0.576668084,24.82382584,24.62783051,24.9262619,24.9119854,24.93975449,0.001518148,10.44866657,0.822539687,0.395004094,0.006414548,0.46818313,0.502949834,0.456692934,0.484523833,0.30515483,0.517800868,0.537069499,0.497423053,0.495246589,0.285007,31.68013763,32.35274887,31.92598534,31.05088234,30.51750565,25.41695595,26.21526337,25.69325829,25.35620689,24.83686447,19.19256401,20.14250565,19.50865173,19.70344353,19.19476318,0,19.55563164,20.46243095,20.53273201,20.60693169,20.95391846,3.251880884,3.501620531,3.507783651,3.234172583,3.153862953,107.9351578,103.8670044,97.97557831,118.0133133,118.0133133,1345.2771,1329.638672,1220.77771,1368.797607,1230.227417,24.51312637,24.98535347,25.25408936,25.1246376,25.49480438,24.81240082,24.51433754,25.052248,24.93860626,24.5757122,24.46412849,24.40107918,11.80957031,463.974762,533.0061646,597.8325195,703.3314819,939.2481079,478.8950806,556.090271,642.4876099,730.3729858,815.5334473,22.32795334,25.92709351,29.95527267,34.05282974,38.02334213,10.31447601,9.825922966,11.10548592,11.02055836,11.02055836
ZZ201500000090,ZZGE61FL,ZZ,2015,90,ZZ2015DHS,1119.141479,1323.922607,2408.894775,2606.972656,4165.157227,26.60362625,25.50509453,23.35461044,30.05963898,30.93742752,30.26996231,28.8181591,30.35256958,28.82666779,29.11424255,12.82074642,12.50503445,12.75381947,11.67743015,11.58259583,4,638.0029297,0.379753411,0.424302787,0.413652778,0.420333833,0.421795309,0,0,0,0,0,21.98357773,10,0,0.038191766,0.031524044,0.260424405,0.538643718,0.534508228,24.77801132,24.20833397,25.25184059,24.31085014,24.67217255,0.02760062,1.020138502,0.035874847,0.045419458,0.006655467,0.539564669,0.563035727,0.560886204,0.51087147,0.404716492,0.680068135,0.772862077,0.739675939,0.561686099,0.423432589,31.47226524,32.20334244,31.71249962,30.85798645,30.2423172,25.0388031,25.92417526,25.31193542,24.99783134,24.42660713,18.65151978,19.69830894,18.95868111,19.18055534,18.65972328,0,19.28606224,19.59850693,20.1511097,19.79503632,20.23010254,3.46566844,3.739843845,3.696831703,3.449522734,3.351649284,92.19934845,95.3850708,86.3380661,103.6914063,103.6914063,1217.000854,1192.854126,1076.89563,1479.771851,1299.891846,23.43746567,23.74160957,24.01282883,24.02219963,24.14668083,23.06762123,23.14237404,24.12067223,24.38525772,23.87802505,23.11056137,23.17503929,91.71386719,145.5000305,233.9803772,367.0901489,513.4779663,778.5097656,341.8247681,500.8203125,730.0873413,1047.196655,1475.362549,15.96145439,23.38572693,34.09131622,48.89868546,68.89182281,9.454935074,9.297482491,10.02722168,10.30933094,10.30933094
ZZ201500000091,ZZGE61FL,ZZ,2015,91,ZZ2015DHS,130.1426544,98.83950806,116.9850388,203.4928894,214.0953979,27.51777077,25.92788887,26.4108696,31.28152847,34.13989258,28.07234764,28.02767372,28.25725746,27.06809044,27.23069572,12.19010448,11.86835957,12.11710072,11.00985241,10.81870651,1,684.5361328,0.444063812,0.450776219,0.447266161,0.447856933,0.449101031,0,0,0,0,0,27.81924248,11,0,0.038019665,0.042064078,0.299850196,0.533195496,0.479910553,22.84708786,23.57193565,23.76303864,23.42487526,23.82206535,0.00874251,11.35509109,0.46830824,0.467669338,0.005400098,0.517445505,0.539552152,0.478090286,0.358117074,0.283614665,0.587005973,0.638080239,0.496985883,0.332355499,0.258627206,29.91866302,30.60668564,30.12999153,29.15642357,28.63676262,23.80360222,24.6509552,24.03932381,23.62543488,23.20590401,17.72855949,18.73832512,18.01289177,18.14657211,17.81805611,0,17.62182617,19.11619568,19.26881981,19.78166008,20.41343498,3.391102552,3.664323092,3.59809041,3.38138032,3.245876789,93.31558228,95.00816345,95.02869415,105.7747421,110.8138885,1269.958252,1167.749512,1173.895752,1547.645508,1331.052612,23.74605179,23.95116997,23.99473572,23.98903084,23.90924644,23.01025009,22.87423515,23.92010689,24.50808144,24.23284149,23.5829258,23.57625008,201.0048828,23.02531242,18.24768829,21.24243927,37.38969421,37.34527206,285.1165161,331.0757141,382.5134888,434.8372192,485.5386353,13.29174137,15.43429661,17.83225441,20.2715168,22.63514709,11.51724339,11.3531208,12.64475632,12.58489609,12.84516907
ZZ201500000092,ZZGE61FL,ZZ,2015,92,ZZ2015DHS,81.79155731,105.5506439,103.3326263,146.5936584,156.7493744,39.05275726,33.50104904,47.22295761,45.34298325,45.83216476,26.10825729,25.71260452,26.85708237,25.98371506,26.66784859,11.78619766,11.41796875,11.70954895,10.24500942,10.54123306,NA,530.0703125,0.50567764,0.533934891,0.541787326,0.536465287,0.573261321,0,0,0,0,0,15.40075684,15,0,0.034760676,0.026295638,0.222790405,0.445228517,0.512711287,22.57823753,22.85035896,23.92373276,23.43007469,23.65887833,0.000452299,4.319332123,0.461495906,0.229427785,0.008902595,0.560812771,0.568617165,0.544033885,0.450304687,0.422491044,0.743623197,0.819659114,0.661084712,0.466329336,0.482479453,30.84249115,31.36228371,31.20273399,29.9500885,29.72387123,24.9243927,25.63020897,25.32196236,24.80095482,24.42578125,19.05629349,19.94431496,19.49318695,19.70507813,19.18264008,0,19.04821587,19.9881134,20.99038315,20.87643433,20.64990807,2.978906393,3.081553936,3.073220491,2.918142319,2.890972376,116.3345032,103.2352905,145.1265564,132.317276,132.499527,2039.998413,1972.936523,2047.582031,1899.312378,1998.894165,24.43515587,24.60937881,24.66037369,24.77825928,24.5808773,23.92245865,23.46541786,23.50981712,23.86473656,24.13048553,23.90095901,24.11886787,748.1181641,20.37777901,19.49072266,25.37273788,26.89368439,27.30074883,159.8552094,185.6229706,214.4624023,243.7985382,272.2251282,7.430525303,8.628284454,9.968823433,11.33245087,12.65379906,11.97592831,11.19380188,12.8581419,12.6746521,12.684865
ZZ201500000093,ZZGE61FL,ZZ,2015,93,ZZ2015DHS,1109.330322,1479.190308,1949.650391,2771.134521,3274.904053,35.89258957,31.5058918,30.14258766,39.15062332,40.16955185,28.26761436,28.06942177,28.42996597,28.53635406,27.93649483,12.1154232,11.78180027,12.04430008,11.06268787,10.9446764,NA,552.8710938,0.455206752,0.468590975,0.475777835,0.485096872,0.476938784,0,0,0,0,0,26.30332184,11,0,0.039270084,0.037711598,0.282505989,0.42376402,0.598929226,23.96995354,24.26813507,24.56449699,24.60822296,24.52828026,0.000580077,11.04619122,0.820602179,0.414758503,0.011690726,0.45663178,0.504560173,0.446023643,0.455048412,0.286678225,0.486950219,0.531702757,0.477574289,0.447016597,0.258148849,31.35594749,31.93512726,31.61083603,30.8129921,30.26472855,25.27272987,26.022686,25.56786728,25.26025772,24.7637291,19.24052429,20.15332794,19.56653595,19.75030518,19.3200531,0,19.6722908,20.46684837,20.69902802,20.68009186,21.12006569,3.162398815,3.384259224,3.405786991,3.141608953,3.062731504,113.5066833,106.6241074,102.6592331,122.9959488,123.0285568,1430.23645,1425.083374,1316.089722,1411.390015,1279.944824,24.85796165,25.33836937,25.56501389,25.36124611,25.67616653,24.94741058,24.40205956,24.96833992,24.9760685,24.826828,24.87773132,24.78738403,87.91308594,203.2401123,273.0871887,364.6672974,509.1670227,571.2508545,479.1303406,556.3634644,642.8032227,730.7317505,815.934082,22.32795334,25.92709351,29.95527267,34.05282974,38.02334595,10.63088894,10.04870319,11.44358349,11.30238724,11.30359173
ZZ201500000094,ZZGE61FL,ZZ,2015,94,ZZ2015DHS,638.3930054,872.2144775,1053.219482,1086.081299,1253.21875,48.63002014,39.80475998,54.63364029,53.8173027,60.50428009,21.11030388,20.54045105,20.83270836,21.13197899,20.52781487,11.47955799,11.20329857,11.43185806,10.35234451,10.17743111,NA,2232.755859,0.461236,0.476825207,0.472393543,0.461809874,0.45856759,0,0,0,0,0,23.52865982,14,0,0.008547797,0.004569971,0.190838784,0.438628197,0.246607438,15.40378761,15.85968685,15.89944458,14.77114582,15.8466835,0.024178244,7.668619156,0.71032238,0.580581963,0.016196754,0,0,0,0,0,0,0,0,0,0,23.61254311,24.29570198,23.8097229,22.72986221,22.41710091,17.85872459,18.66493225,18.06592941,17.54045105,17.30325508,12.13298607,13.09240437,12.37786484,12.3775177,12.23967075,0,9.697273254,11.17892361,10.96617985,8.410312653,11.16555214,2.660503626,2.854557276,2.805165052,2.596137285,2.602473974,129.3803406,113.6249619,153.2563934,139.7171021,157.4608154,1611.906616,1608.841797,1804.214478,1766.608276,1605.154175,15.76496124,15.69450569,15.78849888,15.71562576,15.59223747,15.13550186,15.22173786,15.81541061,15.96817398,15.79695892,15.5188303,15.50715256,175.125,137.0459137,163.2294006,230.9964142,210.4813843,230.321579,2965.35791,3360.019775,3788.09668,4202.045898,4578.441406,137.9347839,156.2926331,176.2048035,195.4598083,212.9679871,14.50090694,13.79710007,16.54688263,15.41419315,16.27026367
ZZ201500000095,ZZGE61FL,ZZ,2015,95,ZZ2015DHS,90.25484467,73.72763824,123.4702682,103.8564377,110.2569733,38.14199448,33.10889816,38.40644073,42.19057083,44.08738708,25.99296761,25.97793961,26.00736237,25.75276566,26.11771011,11.72718525,11.37981796,11.65509224,10.51634884,10.58961201,NA,577.9082031,0.503216922,0.481207669,0.495735496,0.474774033,0.505341649,0,0,0,0,0,27.29311371,14,0,0.029656326,0.031051552,0.26366064,0.479009092,0.528620124,22.92005157,23.28194427,23.6096077,23.59877396,23.92891884,0.004315546,12.14785862,0.902980328,0.405159533,0.010499847,0.46884346,0.422992945,0.419811368,0.465298593,0.280134469,0.504120708,0.407355219,0.415075243,0.471589446,0.255245239,30.28862953,30.81668091,30.51724625,29.53258133,29.10613441,24.40719032,25.10002899,24.67149925,24.25649643,23.78310204,18.56144333,19.43686485,18.8621521,19.01623344,18.51652145,0,19.84713554,20.58594704,21.21185493,21.44478035,21.74012756,3.027835608,3.23075819,3.25526619,2.978949785,2.907349586,115.4876862,106.9668427,125.0231934,125.6835938,128.1774445,1863.527954,1685.764526,1779.687378,1830.740112,1721.2146,24.02942085,24.16211319,24.33661461,24.30079269,24.25189018,23.58960152,23.38362503,23.90781403,24.14426994,23.96511269,23.90025139,23.91921616,374.9375,15.71218872,13.61155033,21.93630219,19.08253479,19.23243904,328.5567627,381.51828,440.7931213,501.0888367,559.5151367,15.29247761,17.75753975,20.51645088,23.32287979,26.04229736,11.75608444,11.28059387,13.26444626,12.61335373,12.72770691
ZZ201500000096,ZZGE61FL,ZZ,2015,96,ZZ2015DHS,5001.780273,5929.148438,10340.49023,7609.671875,9448.452148,40.47714233,34.71930313,41.95764923,44.93806458,46.51049805,26.5219326,26.64622688,26.90862274,27.24675941,27.52684021,11.51591492,11.18870068,11.44927692,10.18899059,10.37999153,NA,604.5087891,0.531650484,0.549875259,0.54654181,0.52298367,0.551127434,0,0,0,0,0,35.89683151,14,0,0.039600432,0.047662046,0.297356576,0.559776723,0.584040821,23.0214653,23.20555115,23.64130592,23.83320808,23.9393158,0.005478282,11.64086151,0.701418161,0.578334868,0.011103901,0.396000385,0.358478665,0.341415077,0.385658979,0.221623689,0.391099989,0.328515887,0.313775301,0.372701705,0.188090622,30.09550095,30.64294052,30.3438797,29.30410957,28.92800903,24.31964684,25.01879501,24.59523964,24.19249153,23.71361542,18.57958603,19.45423889,18.89460373,19.11511803,18.5480175,0.053373996,19.52099991,19.7648735,20.37398911,20.41965866,20.35179329,2.947757483,3.1580441,3.17714119,2.900188208,2.834751129,119.3167953,109.6450958,133.3053589,130.3288422,131.8456879,2000.961304,1868.370361,1927.613037,2001.312378,1932.315918,23.47148132,23.51506233,23.68286133,23.72204971,23.59790611,22.96549988,22.62342834,23.12178993,23.39986801,23.33492661,23.20617485,23.23263931,29.58203125,815.9243164,1094.63562,1640.228149,1398.197754,1648.120483,328.6616516,381.6400757,440.9338379,501.2488098,559.6937256,15.29247761,17.75753975,20.51645088,23.32287979,26.04229546,11.7889986,11.30712891,13.41043854,12.6421442,12.71032429
ZZ201500000097,ZZGE61FL,ZZ,2015,97,ZZ2015DHS,65.95636749,95.43273926,119.3540802,170.9777832,208.0256653,28.66871834,26.77781868,27.05815697,32.34721756,34.58367538,29.48238564,29.18177032,29.09802055,27.99458313,29.00656319,12.38072872,12.05664158,12.29817772,11.1832037,11.06393242,1,781.7196655,0.41556251,0.438861966,0.451693743,0.443042725,0.468334019,0,0,0,0,0,20,10,0,0.034470838,0.034899335,0.254411399,0.455980808,0.48887974,24.02482986,24.46796799,24.52677155,23.93644333,24.58452988,0.003362326,5.949538231,0.500390112,0.348827481,0.006966635,0.519657969,0.54770565,0.509735167,0.453996837,0.324873239,0.604332924,0.663800657,0.575893581,0.466460079,0.313895613,30.39661407,31.14609528,30.58111954,29.64010429,29.09726524,24.19362068,25.08724022,24.40859413,24.0231781,23.53854179,18.01588631,19.08945274,18.28294373,18.45690155,18.03333282,0,18.56727409,19.75416756,19.95552063,19.87830162,20.16249847,3.364453077,3.644010544,3.575520992,3.372786522,3.21731782,96.45455933,97.57865143,96.74700928,109.1002579,111.2666702,1368.25061,1348.063477,1306.374512,1735.374634,1429.332153,23.19160461,23.44083786,23.55388641,23.55788803,23.74739647,22.79130936,22.67062187,23.56435776,23.91126251,23.65854263,23.00868416,23.01252747,332.0214844,15.42676258,17.61873245,27.49825478,31.41538239,36.28651047,285.0515442,331.0002747,382.4263306,434.7381287,485.4279785,13.29174042,15.43429565,17.83225441,20.27151489,22.63514519,10.89595032,10.73410225,11.98552036,11.93177032,12.03587246
ZZ201500000098,ZZGE61FL,ZZ,2015,98,ZZ2015DHS,80.39352417,104.7527771,100.1358032,141.1094208,156.2093201,39.06222916,33.54580688,46.85903168,45.38158035,45.87265396,26.08059311,25.70652771,26.73493195,25.94549751,26.69866371,11.79707813,11.39574623,11.70977974,10.27984715,10.53081608,NA,533.390625,0.498652846,0.526114702,0.535845041,0.526892364,0.560462475,0,0,0,0,0,15.19094849,15,0,0.033725016,0.025416266,0.219039977,0.438381016,0.505818963,22.52433968,22.81358337,23.92487717,23.48410606,23.69979095,0.000681758,3.011630058,0.32608372,0.145178422,0.005649741,0.561625123,0.568690479,0.547887325,0.462102532,0.426912278,0.747416317,0.821484804,0.672408462,0.487128228,0.490884691,30.92154121,31.41263008,31.27484131,30.04430008,29.80118752,24.99800301,25.69201469,25.3946476,24.87688065,24.50772667,19.12446404,20.01688385,19.56506157,19.76445389,19.27037048,0,18.96808434,19.92063904,21.1148262,21.02271652,20.70091629,2.984924793,3.071021557,3.059910297,2.92323494,2.894907475,116.5978165,103.0198975,143.3844299,132.661026,132.7970886,2018.451294,1961.24292,2012.943237,1883.11853,1986.550781,24.448452,24.60791206,24.65497589,24.79849052,24.59825706,23.95748329,23.48898315,23.54754257,23.89670372,24.13974571,23.91226196,24.12298203,751.5625,18.83603668,19.34420776,23.45452881,25.87687683,27.19677734,148.2773743,172.0771179,198.6950989,225.7422638,251.9167328,6.892318249,7.9985919,9.235864639,10.49308777,11.70974541,11.93838215,11.13683414,12.78545666,12.63159657,12.63925171
ZZ201500000099,ZZGE61FL,ZZ,2015,99,ZZ2015DHS,1093.686523,1495.303833,1788.377563,2410.990234,2924.145264,39.37916183,33.88543701,40.41327667,43.75980377,45.58288574,25.57878685,25.41777802,26.33486176,25.81569481,26.29041672,11.5947485,11.25507832,11.5223093,10.38941002,10.47851563,NA,570.2099609,0.520495653,0.531280935,0.532307982,0.531438172,0.560916126,0,0,0,0,0,34.15768814,14,0,0.037601233,0.041181087,0.293956518,0.540364563,0.565024078,22.6253109,22.78894806,23.59503365,23.2845974,23.47509384,0.005195334,10.8103857,0.988948345,0.362179339,0.010136168,0.491734445,0.494945109,0.470762789,0.496626616,0.312637955,0.567278802,0.526179254,0.505068243,0.540318012,0.300935715,30.11171913,30.65629387,30.33671951,29.34344673,28.92656326,24.29622459,24.99969673,24.55551147,24.13363838,23.66202354,18.51697159,19.4012146,18.81440926,18.95403671,18.44804764,0,19.67183304,20.1601181,20.85520744,20.75349998,20.65976906,2.975303888,3.18276906,3.202213526,2.92660594,2.860156298,117.1649704,107.8495255,129.4119415,128.0677032,130.374176,1917.269653,1821.22937,1893.209106,1915.352417,1846.258911,23.77335358,23.83397484,23.98047829,23.99550247,23.86893654,23.26806831,23.01306915,23.50497627,23.6956768,23.64339066,23.48628426,23.56466484,64.60839844,205.0093384,276.0620728,351.771637,442.9942932,510.0670166,328.6506958,381.6273499,440.9191284,501.2321167,559.6750488,15.29247856,17.75753975,20.51645088,23.3228817,26.04229546,11.85307693,11.38001251,13.5033989,12.72356796,12.82953072
ZZ201500000100,ZZGE61FL,ZZ,2015,100,ZZ2015DHS,20896.62305,21743.88281,31074.93359,47353.50781,61535.48047,39.27190018,33.5474968,46.04242706,56.06364822,50.61016464,26.15359879,25.92447853,26.47614479,25.91500092,26.51030922,12.1316843,11.88042545,12.07860279,11.05325508,10.84869862,NA,1619.479492,0.364510417,0.408938706,0.396020323,0.377041131,0.372284204,0,0,0,0,0,23.68356705,14,0,0.015913732,0.009987387,0.315362632,0.199713111,0.48565203,19.35945129,19.79078102,20.27477455,19.59017372,20.29081535,0.098131023,47.37559509,3.983665943,3.471566439,0.045846824,0.353777021,0.146897808,0.216031149,0.131773129,0.163226068,0.319522291,0.090392463,0.150001973,0.077731296,0.114355154,24.76605988,25.48038292,25.03541756,23.91449738,23.66857719,18.67513084,19.51844597,18.96692848,18.37309074,18.21953201,12.63437462,13.59995651,12.95681477,12.86124134,12.81987858,0,12.56530285,13.65708351,14.07340336,13.26534748,14.07132053,2.735373259,2.950694561,2.896137238,2.673090219,2.680989742,107.4233017,98.98841858,133.3451843,149.8631897,135.6853333,994.9190063,930.4608765,1307.35498,1239.272095,1150.92981,18.652565,18.56387901,18.48785591,18.29792023,18.13554955,17.94034576,18.52841949,18.88060379,18.39581299,18.51293945,17.95279312,18.07690239,3.283203125,4517.557617,4342.518555,6602.5625,8445.538086,10408.68652,19015.55664,22414.46484,26288.28516,30335.88086,34384.92578,884.2180176,1042.266357,1222.397827,1410.609863,1598.889404,14.7006855,14.05337238,16.82548141,16.42636299,16.59011269
ZZ201500000101,ZZGE61FL,ZZ,2015,101,ZZ2015DHS,3191.746582,4099.124023,2952.465332,4876.411621,6124.014648,35.82105637,30.95048904,36.23353577,38.87452316,43.58683395,26.1879921,25.94513893,26.22694397,26.54107666,26.78979683,12.14227486,11.85112858,12.07261276,10.94665813,10.85585976,1,835.899353,0.495724469,0.515305579,0.531948626,0.488875151,0.515087306,0,0,0,0,0,29.21099091,12,0,0.027580393,0.028080007,0.325114846,0.616989374,0.427820206,22.28376961,22.59705734,22.96119499,23.06480408,23.2638855,0.007065868,10.27284622,0.861342132,0.609337449,0.012557954,0.474062681,0.465784162,0.427075863,0.320291281,0.24936074,0.517938435,0.471230298,0.421284318,0.279098719,0.218824014,28.64296913,29.26601601,28.81132889,27.83281326,27.38615417,22.55694389,23.31393433,22.75039101,22.33454895,21.92630196,16.50069427,17.41488838,16.73871613,16.88615417,16.53029442,0,18.37954521,19.24897766,19.69544601,19.58852959,19.73797417,3.094704866,3.314496517,3.286371708,3.068923712,2.981206656,110.8555984,102.585289,119.0768661,119.3029556,129.9413605,1971.691406,1901.046021,1981.253418,2193.227783,1891.279053,23.512743,23.54945183,23.6095295,23.56471062,23.57651901,22.96141815,22.6339798,23.29288483,23.65200043,23.54095268,23.28888512,23.40287018,117.2080078,753.0578003,767.125,828.1439819,945.0432129,1125.496094,620.3754883,702.9417114,792.4987183,879.0999756,957.8447876,28.8842392,32.72846222,36.89817429,40.93026733,44.59656906,13.10896683,12.56064606,14.51852798,13.98372364,14.53704834
ZZ201500000102,ZZGE61FL,ZZ,2015,102,ZZ2015DHS,13732.65234,16541.92969,16886.99805,21109.52734,22630.87695,29.51405144,27.00464439,31.99372292,34.19545364,40.09885406,27.01704407,25.75281143,26.41270828,25.5939579,25.60197639,13.02109432,12.71562481,12.94505215,11.86067772,11.54335976,1,1606.421997,0.356849998,0.407521874,0.39536199,0.39582032,0.408471972,0,0.000703125,0.000117187,0,0,45.95738983,10,0,0.013103881,0.012098404,0.188100934,0.704598784,0.043210749,21.33136368,21.02484322,21.47083473,20.88947868,20.84728813,8.238242149,97.03646851,31.04108047,4.786087036,3.70675683,0.452745944,0.273979872,0.126543522,0.108759597,0.114635691,0.468196899,0.217277944,0.075161755,0.061146379,0.067475647,27.56536484,28.15338516,27.78098869,26.94297028,26.4998703,21.02851486,21.77669334,21.28450584,20.98151016,20.70000076,14.54427147,15.43776035,14.8359375,15.0822916,14.95651054,0,15.64568138,16.296875,16.52895927,16.18499947,16.09259987,3.201432467,3.421223879,3.381770849,3.20169282,3.124348879,94.48724365,92.3889389,108.1954498,109.4833374,125.282814,1207.120117,1046.995483,1294.244507,1669.179688,1625.235962,19.20944214,19.32294464,19.21079063,19.25526428,18.93442535,18.39880943,18.37576675,19.26633072,19.92188644,19.68271255,19.07411575,19.14034462,7.037109375,2463.063232,2822.655273,3025.213623,3823.553955,3979.093994,16798.69141,20019.76367,23996.61914,28182.79883,32514.34375,782.2357178,932.2258301,1117.40918,1312.339844,1514.039429,14.7186327,14.26825428,16.35256577,15.84830761,17.22007751
ZZ201500000103,ZZGE61FL,ZZ,2015,103,ZZ2015DHS,1032.958252,831.9509277,979.0793457,1211.264771,1738.875488,32.84276199,29.24277878,27.31256866,36.14715958,37.04918289,29.7075119,29.12878418,29.14465332,28.89828682,28.4443531,12.56005478,12.29878521,12.48972797,11.38988781,11.39670181,NA,565.1259766,0.393689662,0.423503458,0.425543398,0.436945856,0.461780459,0,0,0,0,0,27.99832916,11,0,0.040334053,0.043994039,0.279367059,0.454722971,0.579113543,24.50953865,24.59639931,24.68200302,24.45158768,24.43239784,0.000686493,8.455446243,0.638462603,0.493030846,0.007094309,0.493109256,0.540756166,0.497678727,0.518482029,0.332545608,0.567302942,0.616012633,0.571030617,0.560237646,0.320083141,31.71598816,32.40917206,31.95410919,31.04906082,30.52288818,25.41730309,26.22437859,25.68440437,25.33285522,24.80735016,19.15593147,20.1103878,19.46438026,19.65917397,19.12618637,0,19.31156731,20.06401443,20.21935272,20.00489044,20.42044258,3.264901638,3.523842573,3.52358222,3.245110035,3.166102409,107.2283859,103.0469513,96.23808289,117.301506,117.301506,1342.832031,1324.957642,1224.895874,1423.074585,1284.917358,24.34926033,24.79895782,25.10152054,24.99544144,25.35204124,24.69868088,24.4348278,24.94454956,24.83033943,24.42638016,24.28950691,24.23642921,42.86132813,167.4304657,153.5942688,182.7247009,222.557251,303.3170166,478.8676758,556.0584717,642.4508057,730.3311768,815.4867554,22.32795334,25.92709541,29.95527267,34.05283356,38.02334595,10.28859043,9.805592537,11.06215286,11.01387405,11.01387405
ZZ201500000104,ZZGE61FL,ZZ,2015,104,ZZ2015DHS,891.338562,816.6656494,1241.046997,1583.748535,1773.144897,46.9052124,42.3800621,46.55221176,47.57133102,47.65462875,25.95818138,25.72156143,26.15020943,25.90770721,26.15573311,11.46276093,10.94505215,11.33151054,10.24505234,10.24505234,NA,421.3125,0.432819337,0.453664601,0.46133697,0.465474457,0.461924076,0,0,0,0,0,23.63937759,15,0,0.048206355,0.044706523,0.303061277,0.549725473,0.574789166,23.1544323,23.51885414,23.89867401,23.70072937,23.81110954,0.010560746,0.363912851,0.015183971,0.023950657,0.001769312,0.544294119,0.568295181,0.541246891,0.432390243,0.377041459,0.674461126,0.838186145,0.634822607,0.437596738,0.399820328,31.26966286,31.66145897,31.66966248,30.60299492,30.46692657,25.51940155,26.15729141,25.97773361,25.45794296,25.32187462,19.80690193,20.71640778,20.33815193,20.35794258,20.22187614,0,20.3506813,21.31614685,21.6471405,21.49374962,21.46648598,3.022135496,3.067968845,3.045052052,2.979817867,2.974609375,141.7539063,130.0207062,141.7539063,141.7539063,141.7539063,1651.437622,1684.124268,1639.499756,1558.874512,1495.730591,24.95540047,25.18676376,25.24088669,25.3465538,25.0860672,24.62716866,23.8558445,23.79206276,24.22555733,24.51949883,24.34156227,24.58298683,50.64648438,128.6436462,151.6112518,174.5731049,279.6916199,296.8997192,132.494339,153.0078278,175.8103638,198.7631073,220.7212982,10.07392597,11.63362598,13.3673687,15.11253166,16.78207588,12.12552071,11.59969997,12.12552071,12.12552071,12.12552071
ZZ201500000105,ZZGE61FL,ZZ,2015,105,ZZ2015DHS,2409.825195,3134.80249,3145.104492,3820.916016,4338.111328,26.72185135,21.25601959,27.42200089,39.14290619,29.39997864,29.59734726,29.38968849,29.08010483,30.34524345,29.4606266,12.53841114,12.24861145,12.46002579,11.54743958,11.39813423,1,1220.623047,0.419693947,0.435707122,0.471125007,0.431568742,0.455506831,0,0,0,0,0,28.02649307,11,0,0.019300565,0.017832451,0.298570305,0.78697741,0.612233877,22.32897758,22.79386711,23.03255272,23.63015556,23.37626839,34.07396317,183.7850037,46.68059921,44.05510712,11.64511204,0.568609297,0.434865117,0.422667354,0.212429404,0.199866146,0.571256459,0.389047623,0.377183348,0.146813661,0.143182084,28.76640701,29.33311653,29.26106834,28.28645897,27.99648476,22.47013855,23.18329048,23.00364685,22.47912407,22.27044296,16.22799492,17.08450508,16.80104065,16.73901939,16.59835052,0,15.060606,16.19804573,16.98500061,16.91506958,17.29191017,3.342881918,3.543489695,3.503993034,3.160720587,3.279557467,89.3279953,75.32048798,96.08650208,123.7197952,96.41892242,1112.832275,1012.43811,1136.14624,974.7113037,1028.88147,21.70998764,22.00844574,21.88538742,21.72652435,21.58547211,21.10489655,21.07052994,21.24163246,21.14308167,21.15649033,21.18029213,21.09952545,125.9667969,521.4801636,631.3050537,649.8173218,717.7697144,778.8721313,3016.054443,3513.245605,4084.615967,4713.23877,5405.312988,140.1911774,163.3014374,189.8596649,219.0790863,251.2478485,15.55396175,14.16536045,16.52797318,16.65057182,16.31201363
ZZ201500000106,ZZGE61FL,ZZ,2015,106,ZZ2015DHS,62.45649719,64.47711182,104.7115936,85.71121979,101.5146561,39.93284607,34.50234222,40.21430969,44.27782059,45.84288406,26.42662811,26.55572891,26.80107689,26.68868065,26.82858276,11.5640192,11.22087669,11.49427128,10.28081608,10.4280386,NA,572.8330078,0.46374166,0.485636294,0.480696529,0.475203127,0.511555135,0,0,0,0,0,21.81084442,14,0,0.025665343,0.030787539,0.239601463,0.469951421,0.516961932,22.94682693,23.458004,23.90911674,23.89551544,23.91646767,0.004240984,10.52929211,1.029699564,0.309440881,0.008878646,0.465875626,0.432855964,0.426397204,0.488112271,0.290316403,0.509999692,0.425526768,0.43045941,0.511283278,0.270331383,30.12669373,30.66423607,30.36341095,29.33914948,28.94891548,24.32773399,25.02265739,24.59357643,24.18216133,23.70894241,18.56267357,19.44335938,18.86914063,19.05833244,18.52087784,0,19.46702576,20.36027718,21.01716042,21.10234833,21.00435257,2.973177195,3.180338621,3.199826479,2.922960043,2.855815887,118.7274323,109.729126,128.6788177,129.4223022,130.9188385,1830.165405,1704.311401,1786.416382,1840.665527,1769.049683,24.07624435,24.17862701,24.36650467,24.36240578,24.29743004,23.64643288,23.32570267,23.80286789,24.05034256,23.9607029,23.89313698,23.96251869,579.7158203,9.910809517,11.90372467,16.41959381,15.74854088,17.70749092,328.5932922,381.5606995,440.8421326,501.1445618,559.5773315,15.29247665,17.75753975,20.51645088,23.32287979,26.04229546,11.72769547,11.25956154,13.27879333,12.59175301,12.65695763
ZZ201500000107,ZZGE61FL,ZZ,2015,107,ZZ2015DHS,5322.739258,6016.523438,7870.402832,8385.791992,9945.327148,42.41910553,35.46959686,45.85272217,45.86427689,53.098629,27.88333321,26.73680496,27.42250061,26.75732613,27.02242851,11.62539101,11.30842018,11.56393242,10.45711803,10.28576374,1,1349.676758,0.356688648,0.379327953,0.380083859,0.37193802,0.382161707,0.000434028,0.001801215,0.000737847,0.000954861,0.000455729,30.97004128,13,0,0.016685985,0.009984813,0.33193031,0.633040071,0.26388818,21.85818863,21.56590271,22.0083847,21.37564278,21.65291977,0.00725378,15.35463047,2.355845928,0.921018124,0.017591691,0.394131422,0.361100584,0.331242561,0.186373025,0.182588965,0.369969517,0.318133622,0.282951444,0.12646167,0.135560155,25.81488609,26.41740417,25.95703125,24.89965248,24.52235222,19.97851753,20.74244881,20.15121651,19.64166832,19.36471367,14.18949604,15.10898495,14.39309978,14.44253445,14.23658848,0,15.83304119,16.39500046,16.59427071,15.99395847,16.28340912,2.850911617,3.056597233,3.017187595,2.812239647,2.763585091,120.9331207,108.4162827,138.3462677,128.9813385,146.7425842,1516.234985,1418.524414,1450.668213,1687.752075,1391.798218,20.69386101,20.64095879,20.98384094,21.1124382,21.25547791,20.55779266,20.01318741,20.37957382,20.67607689,20.75502396,20.32866478,20.37940788,89.75976563,930.2527466,1125.954102,1441.139526,1625.157471,1827.792236,5668.329102,6422.731445,7241.007324,8032.277344,8751.763672,263.7808228,298.8876038,336.9668274,373.7892761,407.2712097,14.38941765,13.72786903,16.09048653,15.272048,16.21486092
ZZ201500000108,ZZGE61FL,ZZ,2015,108,ZZ2015DHS,1588.737183,1990.829346,2787.769043,3808.409424,6113.593262,28.47457123,26.72315407,24.403759,32.18522263,32.8928566,30.96238708,30.28923607,30.86093712,29.66857719,30.1195488,13.00160599,12.64570332,12.94687462,11.9541235,11.80633736,4,619.8212891,0.37997672,0.388257474,0.402270138,0.415226221,0.416568279,0,0,0,0,0,32.97254944,10,0,0.039947201,0.031163519,0.255452812,0.530619025,0.554361522,25.12398911,25.28244781,25.48633766,24.95513725,25.56824684,0.01292178,1.307231307,0.041871823,0.054791756,0.005122508,0.540816426,0.566898763,0.564652264,0.547017932,0.419695586,0.693476677,0.78340894,0.749410391,0.663360178,0.44863525,31.73381233,32.4241333,31.89045143,31.13480949,30.51145935,25.20586014,26.07591248,25.3934021,25.13168526,24.57808304,18.73220444,19.77842903,18.94357681,19.18068695,18.70512199,0,19.28559113,20.27565956,20.1117363,20.24169922,21.01694489,3.400173664,3.664019108,3.623611212,3.35507822,3.28289938,96.8184967,97.91415405,88.42973328,107.9839401,107.9839401,1282.147217,1159.875488,1110.939331,1391.748901,1240.059082,23.80425072,24.09918976,24.39022255,24.34961891,24.50968552,23.28886032,23.54854012,24.59343529,24.60264015,24.09054375,23.3202877,23.44120216,19.04492188,278.0267944,351.844574,510.6985474,750.1169434,1142.692017,341.8721008,500.8896484,730.1884766,1047.341553,1475.566895,15.9614563,23.38572884,34.09132004,48.89868546,68.89183044,9.489726067,9.234041214,10.01207447,10.28155327,10.28155327
ZZ201500000109,ZZGE61FL,ZZ,2015,109,ZZ2015DHS,16288.33594,12985.4209,26195.77734,18785.69336,22533.60938,46.90222168,46.03152847,46.45633316,47.42240143,47.35925293,28.07045364,26.5955677,27.28264999,27.67380714,28.28586197,10.92521763,10.61808491,10.84735203,10.20280743,10.20280647,NA,403.6142578,0.426478416,0.461389929,0.439261287,0.439093351,0.413920432,0,0,0,0,0,35.14018631,15,0,0.063485071,0.052384101,0.340083152,0.590003371,0.596560419,24.19914246,23.68395233,24.5336113,24.40381813,24.8392067,0.021785537,14.8121233,0.093766101,0.479788125,0.015935604,0.52941376,0.568769693,0.533411741,0.42879647,0.373529792,0.660703301,0.854471684,0.62798214,0.432308257,0.403048754,31.11422157,31.6077404,31.55107117,30.70202637,30.61976242,25.63084412,26.26711464,26.10230064,25.57769012,25.49542809,20.1890049,20.98965645,20.70372009,20.49921799,20.41695595,0.033420421,20.32782936,20.77233696,21.78457069,21.13383102,21.39255333,3.038830996,3.096310854,3.067997694,3.005497694,3.009505272,142.5279236,142.5279236,142.5279236,142.5279236,142.5279236,1706.141602,1752.433472,1693.996216,1576.15625,1491.180664,25.10658455,25.49323082,25.43562889,25.53960991,25.25621605,24.80013466,23.96515465,23.95175743,24.34861183,24.66769409,24.50536728,24.74096107,14.10839844,2033.958862,2410.699951,3004.982422,3317.572754,3773.08252,3377.092041,3899.95166,4481.155762,5066.188477,5625.871582,219.4641113,253.4427338,291.2129211,329.2319336,365.6035767,12.05344296,12.05344296,12.05344296,12.05344296,12.05344296
ZZ201500000110,ZZGE61FL,ZZ,2015,110,ZZ2015DHS,10941.5625,15667.95117,17676.00781,26306.41016,34386.53516,46.74682999,45.64750671,46.3030777,47.25610352,47.19622803,29.22045517,28.28723335,28.86737251,29.1043644,29.68726158,10.83654499,10.56536484,10.76779556,10.19869804,10.19869804,NA,429.4521484,0.49035722,0.504855156,0.507816851,0.498635024,0.473050207,0,0,0,0,0,43.24559784,15,0,0.063749194,0.052603468,0.336575925,0.579500139,0.607643008,24.19232368,24.02284241,24.84718323,24.74687386,25.16213226,0.013593825,26.90384865,0.154380336,1.034566879,0.02418644,0.543206334,0.568784416,0.546169579,0.462282091,0.400652736,0.70160526,0.873906672,0.671326399,0.48585552,0.445526063,31.0512886,31.56469917,31.49503899,30.67420387,30.58793449,25.61196518,26.25173569,26.08627129,25.55189514,25.46562576,20.21474266,20.99933624,20.72724342,20.47550583,20.38923645,0.060908139,19.1641922,19.75844765,20.82699585,20.38938713,20.63700294,3.043373823,3.10170722,3.072540522,3.010575771,3.014395237,142.2680817,141.5852051,142.2680817,142.2680817,142.2680817,1705.308838,1721.601929,1663.162964,1566.990112,1507.847656,25.06394196,25.44305038,25.40824509,25.51141167,25.20502663,24.75198555,23.94747734,23.96725845,24.33357048,24.64866257,24.48280907,24.69223595,8.518554688,2244.362061,2908.702637,3606.115479,4645.739258,5757.765137,4721.342285,5452.326172,6264.878418,7082.783203,7865.248047,219.4641113,253.4427338,291.2129211,329.2319336,365.6035767,12.06660843,12.03600502,12.06660843,12.06660843,12.06660843
ZZ201500000111,ZZGE61FL,ZZ,2015,111,ZZ2015DHS,705.0292969,864.1213379,864.5023193,1251.539795,1658.473145,34.57327271,30.2928791,43.25020218,44.634758,43.81244278,22.28253746,22.62482643,22.16489601,22.77229118,22.95711899,12.26059055,11.99869823,12.19422817,11.16961765,11.0817709,NA,1470.803711,0.513463259,0.512819767,0.524240971,0.529317558,0.529210806,0,0,0,0,0,21,15,0,0.0168518,0.01153073,0.182222828,0.275057107,0.506014049,18.64597702,19.14747047,19.26653099,19.33490562,19.53300667,0.018398859,7.899960995,0.781268775,1.939424396,0.026610212,0.421681315,0.315908194,0.290121615,0.169765607,0.25548625,0.411478668,0.268308192,0.238015771,0.111089654,0.220676005,26.59618187,27.29553032,26.92308998,25.72673607,25.48754311,20.44349098,21.2735672,20.80264854,20.12100792,19.92074776,14.33559036,15.29683208,14.72886276,14.55711842,14.40577316,0,15.00941658,15.67011356,16.36816597,15.89752007,16.10889435,2.838454962,3.047612906,3.002083302,2.697526217,2.781987906,98.1346817,92.32096863,129.8407135,120.4034348,121.8856812,1535.691284,1472.503662,1827.668335,1687.560913,1464.26355,18.38072205,18.41043663,18.50439262,18.39210701,18.28305626,18.02663994,18.04474449,18.56519318,18.63162804,18.51176643,18.29605675,18.25064468,85.05078125,155.6313019,172.5755463,173.5180664,223.2131805,280.5296631,237.7471313,280.2429199,328.6763916,379.2825317,429.9068298,11.05232143,13.02785301,15.27941513,17.63197899,19.98538589,14.33721733,13.65094566,16.11227798,15.46911907,15.9207201
ZZ201500000112,ZZGE61FL,ZZ,2015,112,ZZ2015DHS,534.8561401,721.3087769,773.2033081,1303.809692,1612.344482,40.11581421,34.43917847,36.87991714,43.71334839,45.00948334,25.66253853,26.63947868,26.81086922,26.48999977,26.96619606,11.65859413,11.32578182,11.5948782,10.23342037,10.47664928,NA,591.9589844,0.512170434,0.501252949,0.548107147,0.51066184,0.549680173,0,0,0,0,0,25.784132,12,0,0.030016532,0.03872437,0.280078828,0.494023591,0.564852476,22.49793625,23.67342758,23.77248001,23.6376667,23.80125999,0.004244091,13.55074501,0.939542353,0.384526551,0.009210456,0.422537684,0.322180271,0.328880012,0.391810149,0.238945752,0.425564349,0.27999416,0.291746438,0.365756959,0.202845454,30.29071236,30.80724907,30.58285522,29.51783943,29.15698814,24.44388008,25.12343788,24.76141548,24.3748703,23.89375114,18.63211823,19.4814682,18.98797798,19.28442001,18.68033791,0,19.33333397,20.70737457,20.73409081,20.78533363,20.63632393,3.005599022,3.206944466,3.23129344,2.953168392,2.883984327,120.572052,110.4445343,119.169838,129.0928802,129.8066406,1707.434937,1564.581665,1584.644653,1573.894409,1463.716187,24.12743759,24.32046318,24.54998016,24.43646049,24.49595261,23.81368828,23.37192917,23.81954765,24.05854225,24.01980019,24.0454216,24.02006531,178.1337891,109.5190277,133.167572,164.9328766,239.5614166,281.2458496,328.4654846,381.412262,440.6706543,500.9496155,559.3596191,15.29247856,17.75753975,20.51645279,23.32287979,26.04229546,11.52828503,10.93442631,12.80490398,12.28506947,12.31488705
ZZ201500000113,ZZGE61FL,ZZ,2015,113,ZZ2015DHS,500.3622742,352.7492065,475.5039673,423.7872925,437.7201843,33.46861267,29.9847393,32.0755043,37.21333694,39.36608887,27.93768883,27.36357689,27.97517395,27.77711868,28.12527466,12.26037312,11.96571255,12.18376732,11.0582037,11.03355026,NA,639.4570313,0.443215907,0.458876371,0.456649661,0.453131258,0.458471298,0,0,0,0,0,15.20789719,11,0,0.035773877,0.041651174,0.292325348,0.487282127,0.52691555,23.38049126,23.50159836,24.00453186,23.94791603,23.92728043,0.000403386,6.793850899,0.589521825,0.31248349,0.002898369,0.455167502,0.448268384,0.413226485,0.388777792,0.245420903,0.489231855,0.445167035,0.401320755,0.368789047,0.2170562,30.21948814,30.92569542,30.41857719,29.4739151,28.95542526,24.06410599,24.91540718,24.30373192,23.92504311,23.42035675,17.95911407,18.95998192,18.23480988,18.41571045,17.921875,0,18.82329178,19.63961792,20.03388786,20.11871529,19.72928429,3.201215267,3.446918488,3.422569513,3.17313385,3.07586813,107.1402359,103.35495,109.7806396,118.082901,121.0848999,1654.938599,1608.814331,1465.062988,1615.958252,1446.784424,23.90634537,24.11527061,24.28695488,24.21802139,24.2475605,23.62800217,23.45599365,24.13097763,24.39486122,24.07161903,23.79289436,23.7754364,262.3144531,74.40157318,65.75630951,75.86769867,80.90924072,79.2723465,229.1453247,262.2339478,298.6375122,334.6751709,368.4540405,10.67621899,12.2178669,13.91396236,15.59300995,17.16681671,11.52461338,11.1643877,12.65967846,12.44440079,12.58504295
ZZ201500000114,ZZGE61FL,ZZ,2015,114,ZZ2015DHS,6956.029785,7476.578613,7401.67627,10027.66895,11420.25781,36.04073334,31.13887978,36.49734879,39.12659454,43.98088455,26.84064484,26.82569504,26.92139053,27.1351738,27.350214,12.13689232,11.84470558,12.06801224,10.94188404,10.84309959,1,638.5683594,0.508514225,0.520777762,0.53747642,0.497001916,0.518490136,0,0,0,0,0,33.78092957,12,0,0.032673288,0.033223473,0.359702408,0.659559429,0.459079742,22.40782166,22.99358559,23.25382423,23.30127716,23.2964592,0.006937808,12.09683895,1.271336675,0.704008579,0.017553553,0.496895015,0.497697026,0.457148373,0.341658592,0.269816041,0.569265544,0.532955885,0.467428923,0.306183368,0.24509488,28.47786522,29.09752655,28.64804649,27.66302109,27.221138,22.39305496,23.14752769,22.58815193,22.16753578,21.76744843,16.3409729,17.25282288,16.58003616,16.721138,16.37803841,0,17.97500038,19.16147804,19.58625984,19.46738052,19.2427063,3.084461927,3.304253578,3.276128531,3.058159828,2.971918344,111.166275,102.8907547,119.570015,119.6553802,130.7075958,1923.566406,1851.462524,1938.753418,2215.519775,1920.10437,23.80011749,23.83692169,23.88936996,23.83478737,23.83795738,23.23886681,22.95126534,23.6327877,23.96460342,23.86618614,23.58424568,23.71045685,89.0234375,1241.424438,1399.194214,1445.630493,1943.35144,2098.86084,620.3754272,702.9417114,792.4987183,879.0999756,957.8447876,28.88423729,32.72846222,36.89817429,40.93026733,44.59656906,13.20728302,12.65612411,14.62824154,14.08815098,14.66503429
ZZ201500000115,ZZGE61FL,ZZ,2015,115,ZZ2015DHS,6452.369141,18410.0332,13301.90137,19174.63281,22176.05664,48.58185577,39.78925323,54.48628616,54.46409607,60.50235367,26.72390175,25.21819496,26.05267334,25.64906311,25.48617935,11.45260429,11.17131042,11.40325546,10.32439232,10.13559055,NA,1718.021484,0.432535022,0.493651032,0.492526919,0.459201217,0.457375765,0,0,0,0,0,32.15403366,14,0,0.012572961,0.006300984,0.273380339,0.549561322,0.291076511,19.68592834,19.59404564,19.81548691,18.79336739,19.73286438,0.12128333,45.72964859,3.50778389,3.372348547,0.052981418,0,0,0,0,0,0,0,0,0,0,23.59405518,24.27304649,23.78841209,22.71519089,22.40134621,17.85338593,18.65842056,18.05881119,17.53745651,17.30846405,12.14144993,13.10173607,12.38515663,12.39079857,12.26575565,0.014321045,12.64795494,13.96989536,13.57829857,11.93767357,13.97954845,2.664626837,2.85794282,2.810590267,2.603428841,2.607161522,129.4525299,113.715416,153.1386414,141.7934113,157.7394104,1367.201782,1349.57666,1539.972046,1566.074219,1422.383057,17.3081398,17.22047806,17.2776432,17.34138107,17.38550186,16.87130165,16.91322136,17.63982773,17.69880104,17.44626808,17.10068703,17.10547829,22.36816406,1266.227295,3445.320801,3428.984619,3716.022949,4075.604736,2965.189941,3359.829346,3787.882324,4201.807617,4578.182129,137.9347839,156.2926178,176.2048035,195.4597931,212.9679871,14.52766514,13.83588028,16.52045441,15.50759125,16.33213425
ZZ201500000116,ZZGE61FL,ZZ,2015,116,ZZ2015DHS,1264.8927,1695.05896,2207.217041,2058.35498,2342.522217,47.43296051,38.81716156,53.05104828,51.84284973,58.88097763,16.44856071,16.95993042,16.90645981,16.33482552,16.48573494,11.57604218,11.29257774,11.52664948,10.44292545,10.27868938,NA,2550.173828,0.433232754,0.41937691,0.444654197,0.419171542,0.422085673,0,0,0,0,0,22.46248436,14,0,0.005497782,0.002922445,0.128263801,0.329490364,0.167258829,12.07231045,13.36658001,12.83340263,11.92526054,13.00530052,0,0,0,0,0,0,0,0,0,0,0,0,0,0,0,24.18294334,24.86371422,24.37508583,23.29956627,22.97543526,18.38051224,19.18784904,18.58246613,18.06445313,17.81054688,12.60690117,13.57113743,12.84843826,12.85664082,12.69674492,0,7.696060658,9.773229599,8.760347366,7.515694618,9.524866104,2.701041698,2.894401073,2.846657991,2.637586832,2.636458397,128.1184082,112.3524323,151.0181885,136.7400208,155.2372437,1842.860474,1807.486938,1920.585693,1836.812256,1614.271729,14.85239601,14.85961914,14.93834877,14.79124165,14.58803558,14.14542961,14.26986599,14.84514141,14.98043442,14.79985714,14.60993958,14.60036182,362.2363281,215.7222595,317.2195129,415.7920532,398.9069824,430.518158,2777.068359,3146.670654,3547.566162,3935.230957,4287.726563,129.1800385,146.3727264,165.0210571,183.0539398,199.4508667,14.3480072,13.64279938,16.32373238,15.20407963,16.06941414
ZZ201500000117,ZZGE61FL,ZZ,2015,117,ZZ2015DHS,20285.41016,34363.29297,29826.49805,45091.90234,50036.32031,46.81783295,45.91699982,46.34244537,47.27041245,47.1828537,28.58556747,27.95114517,28.72031212,28.67812538,29.19103813,10.66263008,10.46848965,10.6134119,10.20598984,10.20598984,NA,411.4501953,0.465714782,0.479552597,0.480211467,0.464952588,0.453077018,0,0,0,0,0,57.97440338,15,0,0.066738226,0.053712945,0.333474159,0.582921684,0.606666148,24.20636368,24.01359367,25.09174728,24.69036484,25.09765625,0.009740764,15.06954098,0.100969836,0.614599764,0.014302016,0.530520797,0.568687975,0.536671817,0.438724846,0.381967723,0.667280853,0.863435507,0.640461385,0.446999609,0.415605098,30.97200584,31.52200508,31.43619919,30.69843674,30.62630272,25.62031174,26.26054764,26.10638046,25.57369804,25.50156212,20.30937386,21.05351639,20.82278824,20.49244881,20.42031288,0.788069963,19.82715797,20.07604218,21.46318245,20.70260429,21.00427437,3.046354294,3.106119871,3.077604294,3.017187595,3.022786617,142.623703,142.623703,142.623703,142.623703,142.623703,1729.312256,1759,1667.625,1592.437744,1524.372925,25.22344017,25.64485359,25.5983429,25.66990852,25.34623337,24.86104584,24.09685326,24.1327076,24.48158264,24.80733299,24.64643478,24.82780457,3.907226563,5008.368652,6379.430664,7331.034668,7963.276367,8378.204102,4353.98291,5028.089844,5777.418945,6531.684082,7253.266602,219.4641113,253.4427185,291.2129211,329.2319336,365.6035767,12.04817677,12.04817677,12.04817677,12.04817677,12.04817677
ZZ201500000118,ZZGE61FL,ZZ,2015,118,ZZ2015DHS,737.170105,2447.331543,2559.731445,3404.421143,4598.354004,36.01134109,30.78630638,37.4378624,39.09990692,44.46731567,25.61624908,25.84958267,25.75805473,26.05121613,26.46257019,12.22591209,11.91623306,12.15815926,11.03498268,10.92599869,1,1173.266602,0.442715734,0.443834871,0.459954351,0.441276908,0.470908701,0,0,0,0,0,23.38902092,12,0,0.023098676,0.019477746,0.299623162,0.621048212,0.345439941,21.51318741,22.01901436,22.1490612,22.20331573,22.3422718,0.002536068,9.650036812,0.961727142,0.805249214,0.011884085,0.47243157,0.492236286,0.440379649,0.273228079,0.246494338,0.504098833,0.504058897,0.433196574,0.221569732,0.209709316,28.45104218,29.0470047,28.60342979,27.59500885,27.17842865,22.31423759,23.06402016,22.49787331,22.05000114,21.68802071,16.22513008,17.13077354,16.44527054,16.56002617,16.25242996,0,17.41012383,18.18844604,18.54006958,18.35541725,18.22197342,3.073350668,3.285069466,3.253949642,3.033550501,2.953385353,110.6754761,101.1351547,121.8209229,118.6115494,131.3291168,2120.757568,2031.19397,2161.718262,2340.180664,2016.859131,21.49094963,21.58459854,21.69902802,21.89383316,21.85745239,21.06147385,20.44729424,21.04553223,21.29164696,21.01840591,21.13578415,21.18365097,109.4785156,157.2687531,458.002533,565.1519165,659.7731323,845.1039429,620.5262451,703.1126099,792.6912842,879.3136597,958.0775757,28.88423729,32.72846603,36.89817047,40.93026733,44.59656906,13.42332458,12.82182312,14.905303,14.26831627,14.95464802
ZZ201500000119,ZZGE61FL,ZZ,2015,119,ZZ2015DHS,17777.13672,21929.2168,18376,36420.89453,48770.26953,28.65257263,25.70999527,37.17350388,35.45764542,34.79508591,26.09409142,26.43968773,26.01208305,25.86388969,25.56114769,12.36080742,12.02695274,12.31519127,11.20503521,11.3082037,NA,991.8427734,0.521708369,0.568240643,0.577884912,0.579865277,0.575222015,0,0,0,0,0,29.64286232,14,0,0.027079567,0.031543333,0.142095506,0.548742056,0.717338085,21.73887825,22.40475273,22.30467796,22.10520935,22.00611496,0.012100274,11.82863045,0.685175836,0.96564281,0.020971615,0.507233322,0.443869174,0.500138521,0.242413878,0.263086855,0.544360757,0.431033343,0.525666654,0.185087115,0.234700277,28.24726486,28.84813309,28.80030441,27.66783905,27.37677956,22.04622459,22.80920219,22.60993958,22.04270935,21.69787407,15.88645935,16.82118034,16.48511314,16.46280479,16.06857681,0,17.38366699,18.36981964,18.59727287,18.3465271,18.45108223,3.093793392,3.297786474,3.234461784,2.939062595,3.046267509,88.6451416,84.78607178,120.2362823,104.2122421,105.9951401,1450.104736,1361.729858,1732.58374,1418.084473,1443.978882,22.95712852,23.16980553,22.97778702,22.82824516,22.91805649,22.39725685,22.32443047,22.72902489,22.51350784,22.46094513,22.5250206,22.72156906,84.03125,4462.509766,4379.531738,4309.914063,6495.697266,8249.458984,42972.67578,50653.76953,59408.09375,68555.13281,77705.44531,1997.53064,2354.57666,2761.510254,3186.698975,3612.039551,13.95510387,13.33996868,15.39915752,15.02925301,15.24814606
ZZ201500000120,ZZGE61FL,ZZ,2015,120,ZZ2015DHS,176.0636139,183.5174103,226.5417328,263.306366,326.4447327,35.80351639,31.99075699,31.28610992,39.04863358,40.05290222,29.60102272,28.87246513,28.94197845,28.4426384,28.77694511,12.11783886,11.74266529,12.04735279,11.05638027,10.91124153,NA,503.6630859,0.378447533,0.408421695,0.414311469,0.424566835,0.404270798,0,0,0,0,0,27.73666191,11,0,0.036682114,0.033317249,0.270629853,0.435263366,0.6009776,24.52358437,24.81843758,24.84190941,24.7029686,24.9819603,0.000662766,6.246410847,0.422764033,0.211820751,0.00514506,0.503562987,0.547792852,0.507038295,0.493494302,0.345400512,0.580143273,0.661447167,0.596069574,0.523777544,0.334722519,31.60060883,32.14891434,31.8746109,31.12769127,30.57261276,25.51727486,26.25572968,25.83181381,25.57682419,25.08689308,19.48277092,20.40625,19.82725716,20.07131195,19.66137123,0,19.44614792,20.76441002,20.74184036,20.9632988,21.18697548,3.167491436,3.390191078,3.414149284,3.155642509,3.076519251,113.4073334,108.4547806,106.8154526,123.223526,123.223526,1379.5625,1324.916748,1205.334229,1357.918579,1179.113281,25.18742371,25.74675751,26.0098629,25.78781128,26.15382957,25.44073486,24.81321907,25.28501129,25.2730732,25.14689064,25.32655907,25.15865326,202.2255859,33.31314087,33.880867,44.32537079,48.37979126,56.94268799,470.8451233,546.7427368,631.6877441,718.0957642,801.8247681,22.32795525,25.92709732,29.95527458,34.05282974,38.02334595,10.41479969,9.880811691,11.27961826,11.04001713,11.04001713
ZZ201500000121,ZZGE61FL,ZZ,2015,121,ZZ2015DHS,217.8406372,410.7017822,359.9495544,367.5166931,404.9827576,31.9316864,28.92617035,30.95470428,35.44006348,39.00902939,25.6189518,25.37966347,25.65045166,25.58073044,25.55487823,12.19780064,11.90059376,12.12696743,11.00557041,10.88981533,1,1142.726563,0.507456303,0.506586075,0.516449988,0.495791703,0.538394451,0,0,0,0,0,19.50527191,11,0,0.022624189,0.025690373,0.223620489,0.428166062,0.396789968,22.08265114,22.22528267,22.58912086,22.54423714,22.45783615,0.005129018,9.180822372,0.625920355,1.105943441,0.012399414,0.493150443,0.529197872,0.4831523,0.394514889,0.279177189,0.558360577,0.598547816,0.504930437,0.379708081,0.258777201,29.39224625,30.11213875,29.5681572,28.6105175,28.09677505,23.27275848,24.13373756,23.47394371,23.0856781,22.63046837,17.19444466,18.21154594,17.44118881,17.60494804,17.20695877,0,18.54635048,19.07090378,19.52779007,19.50774384,19.36079407,3.242983341,3.494994164,3.439163923,3.237644672,3.095486164,103.5539246,101.0967941,106.4583054,114.7423325,120.7519073,1550.177734,1525.808838,1408.28186,1867.405396,1597.040039,22.47486496,22.6663456,22.72870064,22.65551567,22.69501114,21.96208572,21.79165649,22.59680748,22.96272087,22.60224915,22.31683922,22.31071281,339.5224609,52.27746582,76.86022949,89.64511108,71.22433472,74.42935944,611.2405396,692.5910034,780.8292847,866.1553955,943.7406616,28.48147964,32.27209854,36.38366699,40.35953903,43.97471619,12.07260227,11.76015663,13.27497196,13.06977749,13.3708725
ZZ201500000122,ZZGE61FL,ZZ,2015,122,ZZ2015DHS,219.4963226,432.9060974,580.0582275,593.440918,660.7174072,35.83967972,31.9278183,33.79268646,39.75650024,41.27477646,25.74565697,26.34326363,26.43024254,26.58386612,26.77029419,12.10377598,11.83057022,12.03512764,10.90884018,10.93984413,NA,677.1484375,0.501356602,0.516238213,0.519309223,0.517825305,0.532968044,0,0,0,0,0,17.08922195,12,0,0.026105946,0.034744229,0.258166283,0.425013453,0.515048444,22.6905098,23.40994835,23.57226753,23.59506989,23.73978043,0.002527571,8.677690506,0.670073152,0.269527465,0.008031512,0.372715563,0.259142131,0.275239885,0.341214001,0.209036976,0.362572193,0.203040227,0.234113917,0.305458933,0.172477737,30.30049324,30.93754387,30.5467453,29.60905647,29.11459732,24.22546387,24.99237633,24.50609207,24.12712669,23.61863518,18.19671631,19.10697365,18.51161766,18.70021629,18.1747551,0,19.63536263,20.47663116,20.71429443,20.60627365,20.70926476,3.121961832,3.349189758,3.362181664,3.090205431,3.006322384,111.8901062,106.9323196,113.617157,122.8557587,124.085289,1650.307007,1577.410645,1496.695068,1571.723145,1441.856567,23.81437302,24.13781929,24.33361626,24.23022652,24.27978516,23.61742592,23.26129532,23.87388229,24.07075882,23.82903099,23.75950432,23.66282082,333.4765625,36.45939255,79.92285156,103.5382767,109.0385742,115.2508163,479.2757874,556.5323486,642.9983521,730.9535522,816.1817627,22.32795334,25.92709351,29.95527458,34.05282974,38.02334595,11.33092594,10.92238331,12.43201542,12.19872665,12.25240135
ZZ201500000123,ZZGE61FL,ZZ,2015,123,ZZ2015DHS,5597.319336,9489.617188,10134.02637,11851.99121,14065.08594,42.1938858,35.57614136,48.73463821,55.3152504,54.0330162,23.97179222,23.31597137,22.99049759,22.64111137,22.93498611,11.77110863,11.51487255,11.72653389,10.68035316,10.45520878,NA,1532.299805,0.277250379,0.309484482,0.311752021,0.291734427,0.340033799,0,0,0,0,0,NA,13,0,0.012090618,0.009732494,0.293147147,0.467915207,0.361698717,20.45841599,20.80059052,20.85531235,19.62546921,20.76318169,0.066987723,1648.871948,1504.464966,2.114902258,505.8231506,0.34773916,0.154773086,0.257846534,0.141073957,0.160386845,0.308091611,0.096485168,0.193533272,0.085447967,0.114208914,24.21427917,24.90253258,24.44213104,23.35393524,23.07983208,18.30490494,19.11863518,18.55400848,17.99461746,17.8269825,12.4431715,13.38766003,12.7155962,12.67358208,12.62462425,0,16.94503784,18.28520775,18.72012711,16.60982704,18.59137726,2.719531298,2.922034264,2.878428936,2.672178745,2.664395332,114.7475891,103.9547043,140.2791748,147.8122406,143.9653168,1018.109924,1038.491577,1307.36792,1260.883301,1214.270142,18.72878647,18.60070038,18.46240807,18.8981781,18.62465286,18.14582062,18.05359077,18.32867241,18.13840294,18.24581528,18.16234207,18.24411774,76.67871094,1217.119995,1775.921509,2296.523926,2296.902832,2584.937988,7287.425781,8257.31543,9309.323242,10326.61133,11251.61035,484.6486511,549.1509399,619.114502,686.7689819,748.2858887,14.6128397,13.99168396,16.65408134,16.15171623,16.56252098
ZZ201500000124,ZZGE61FL,ZZ,2015,124,ZZ2015DHS,68461.9375,63563.5,110927.3672,86522.54688,97192.13281,45.50165558,37.76239777,50.31069946,51.31174469,57.14597321,27.31829453,26.45520782,27.00076485,26.29350662,26.25753784,11.45191002,11.15707493,11.39735317,10.31119823,10.09670162,1,1768.765503,0.34952575,0.392928481,0.384918064,0.384767532,0.391504675,0,0,0,0,0,33.33927917,13,0,0.012488313,0.004702013,0.314659327,0.585643291,0.192785278,20.43000031,20.55505562,20.7086277,19.77668381,20.47345734,14.49785995,31.99437523,15.89246368,3.687394857,0.27548185,0.264598906,0.147172764,0.198291823,0.117524751,0.115084521,0.207404226,0.089658789,0.132069036,0.067050092,0.071485654,24.34092903,24.97478294,24.51653671,23.46519089,23.11488724,18.59574699,19.37022591,18.79249191,18.28710938,18.04631042,12.88901901,13.81770802,13.11918449,13.15399265,13.01818562,0.164729297,13.54170418,14.65490532,14.41649342,13.25986099,14.68937683,2.74136281,2.943012238,2.903645992,2.700303793,2.680425406,124.7365494,111.1352005,146.0844574,138.5572968,153.1755219,1275.937378,1204.60376,1377.955566,1496.227051,1319.648315,17.84465027,17.76005745,17.89914131,17.83369446,18.01272011,17.68399239,17.63249969,18.76416779,18.80817986,18.22559738,17.8192997,17.65855408,3.850585938,7886.951172,11873.24902,15070.01563,16732.88086,17818.71289,48958.46094,55471.89844,62539.35156,69368.84375,75574.72656,2277.94043,2580.997803,2909.832275,3227.595215,3516.342529,14.68835926,14.0223732,16.53417015,15.72797298,16.62018967
ZZ201500000125,ZZGE61FL,ZZ,2015,125,ZZ2015DHS,5073.4375,3649.931396,5116.927734,4530.772461,5968.943848,36.52796555,31.7189045,36.82278442,39.75709534,44.7394104,25.37757492,25.55038261,25.65965271,25.85774231,26.03454399,12.09435749,11.80182362,12.02851582,10.90047741,10.79023457,1,752.3994141,0.507761776,0.516005158,0.532823443,0.486104876,0.525885701,0,0,0,0,0,30.21945,12,0,0.027281549,0.029256074,0.330477744,0.633184612,0.444931626,21.47753716,22.23828888,22.52232552,22.46351814,22.56303215,0.006176345,7.930421829,0.880965769,0.391479641,0.01078136,0.475592375,0.474592417,0.428933471,0.308089733,0.244747326,0.524230003,0.488579035,0.425689936,0.264139622,0.214643627,28.08533096,28.72052956,28.26167488,27.27309036,26.82678032,22.01944542,22.79066849,22.22018242,21.79843712,21.40060806,15.99097252,16.91870689,16.23316002,16.372612,16.0365448,0,17.57749939,18.92619324,19.38500023,19.06929398,19.09152031,3.063454866,3.28741312,3.255121469,3.041145802,2.95169282,111.9017792,104.2731323,119.8626328,120.9071198,132.0569916,1924.374146,1833.749268,1938.123901,2111.419434,1840.301758,23.42140198,23.4707489,23.4695282,23.47364235,23.4974575,22.83117485,22.47045708,23.14232826,23.42128372,23.36200905,23.11560059,23.25597191,137.8564453,741.2457886,683.0615234,706.3376465,878.0588379,1096.99646,620.3226318,702.8818359,792.4312134,879.0250854,957.7631836,28.88423729,32.72846222,36.89817429,40.93026352,44.59656525,13.31681442,12.78943062,14.74675751,14.22990417,14.81177044
ZZ201500000126,ZZGE61FL,ZZ,2015,126,ZZ2015DHS,9.297725677,12.18858433,16.48998833,14.91803741,19.7858448,43.52526093,33.93162155,45.74386978,46.77592087,47.18756866,26.51144028,26.80079842,27.00611115,26.59149361,27.27145576,11.74722195,11.15555573,11.59722233,10.35555553,10.35555553,NA,510.8330078,0.484590709,0.5051139,0.508115292,0.511801898,0.510026276,0,0,0,0,0,18.00891304,15,0,0.026483582,0.02450032,0.202831239,0.401374698,0.479620397,23.06586456,23.59557343,24.01046753,23.70365143,23.90070724,0.0034904,0.40457046,0.01704189,0.045973483,0.00067656,0.559501708,0.568022311,0.561429977,0.51446265,0.465155572,0.76717484,0.85986656,0.748020709,0.632590532,0.572844684,31.13541794,31.49856949,31.52977562,30.36223984,30.11770821,25.24717903,25.90234375,25.71167564,25.16610336,24.92157173,19.38819504,20.34301376,19.93255234,20.00668526,19.76215363,0,19.62029076,20.39034653,21.01482582,20.81580925,20.52995872,3.020659685,3.053732634,3.037282944,2.970269203,2.944357634,131.4750061,103.6180954,138.9370728,138.9370728,138.9370728,1798.978271,1849.789429,1794.124512,1628.251221,1733.162476,24.59692764,24.85195732,24.88908577,25.01926804,24.71874428,24.23144531,23.55207062,23.56781197,23.95693016,24.24546242,24.0481205,24.21947861,929.6210938,1.719874501,2.262769938,2.980471849,2.634540796,3.312990189,92.68075562,107.0300903,122.980629,139.0362396,154.3961639,4.307974815,4.97495842,5.716369152,6.462664127,7.176621914,12.06042957,10.72882843,12.34166718,12.34166718,12.34166622
ZZ201500000127,ZZGE61FL,ZZ,2015,127,ZZ2015DHS,777.3093262,1054.954224,862.2305298,898.3822021,1020.929138,36.47052002,30.74433708,39.06588364,40.61875534,44.11883163,25.45871162,25.76795006,25.76183891,25.69027901,26.47711945,12.09982681,11.7697916,12.02617168,10.92278671,10.90941906,NA,700.4814453,0.491546184,0.514733553,0.506452978,0.48895067,0.519312799,0,0,0,0,0,22.41346931,14,0,0.021172002,0.021105686,0.244806349,0.465662926,0.451542377,22.43435669,22.91515541,23.13667107,22.6906662,22.836483,0.005867273,8.145614624,0.894704342,0.403090119,0.011524443,0.533675134,0.53859508,0.521080136,0.419868529,0.375737667,0.65337348,0.646183133,0.603822351,0.422348768,0.379399985,29.38858414,29.96601677,29.59813309,28.58298683,28.20216942,23.31349945,24.05863762,23.57079124,23.09301186,22.7006073,17.28875923,18.19622421,17.57196236,17.66020012,17.29275131,0,19.40999985,20.06236076,20.51150131,19.69105339,19.19584656,3.014453173,3.226085186,3.229904652,2.941883802,2.911762238,109.9386673,99.18385315,126.1790771,119.4956589,128.4635468,2189.813965,2099.106201,2336.687744,2448.378418,2179.37915,23.2960968,23.34101677,23.4624157,23.45884132,23.37414932,22.65350151,22.42128944,22.8523922,23.09774399,23.09092903,22.99486923,22.97894478,633.0712891,167.5535889,197.4279938,198.0857544,174.105484,187.6304626,202.6530609,229.6243286,258.8791809,287.1685181,312.891449,9.427020073,10.68167019,12.04254818,13.35851192,14.55509186,12.74626255,12.12722588,14.47953987,13.52521706,14.00158787
ZZ201500000128,ZZGE61FL,ZZ,2015,128,ZZ2015DHS,174.4845428,141.153183,159.4367676,147.310791,173.833252,29.67129517,27.37996674,28.05325508,33.34314728,35.61118698,31.04978561,29.1825695,29.96748924,28.81521988,30.23896027,12.4298172,12.12530422,12.34699059,11.23083019,11.14597797,1,583.2910156,0.353503466,0.376895666,0.376047343,0.393733978,0.388756841,0,0,0,0,0,20,11,0,0.033166531,0.037187357,0.267266184,0.466641068,0.510926723,25.63345909,24.99752808,25.4996357,24.75107384,25.56484604,0.001525985,4.5896492,0.481754601,0.340876609,0.004897049,0.510114789,0.545073569,0.51055795,0.458970189,0.312519014,0.596408606,0.642121375,0.575294971,0.472647786,0.298886955,30.6820755,31.43867302,30.84991264,29.91292,29.36901093,24.45057869,25.34416962,24.64953804,24.27311897,23.77277184,18.2522583,19.31336784,18.50292206,18.68208885,18.223032,0,20.21713448,20.81248665,21.03178215,20.68692589,20.89073372,3.349580526,3.613874435,3.556901217,3.340769768,3.191652298,99.38639069,98.94776154,99.78265381,111.3917847,113.6585236,1393.729614,1317.771362,1206.229004,1560.374878,1272.160522,24.15029907,24.38131142,24.52440643,24.53987312,24.71831512,23.90291214,23.87302971,24.6455555,24.88349152,24.56341743,23.93586349,23.98173523,367.8554688,35.66256332,26.05961037,32.84011841,27.06682205,30.32222939,285.1165161,331.0757141,382.5134888,434.8371887,485.5386047,13.29174137,15.43429661,17.83225441,20.27151489,22.63514519,10.99388409,10.76050949,12.05865955,11.97842884,12.08528042
ZZ201500000129,ZZGE61FL,ZZ,2015,129,ZZ2015DHS,1070.764893,1801.454956,2031.704712,2430.498779,3028.26709,35.22016525,31.0301609,29.44266319,38.4657135,39.4909668,29.94965935,29.39187431,29.68395805,29.64260483,29.42499542,12.19140625,11.86692715,12.12109375,11.12382793,11.02291679,NA,526.6767578,0.407826722,0.423323989,0.434069276,0.445040613,0.436506391,0,0,0,0,0,26.24781036,11,0,0.041272312,0.041459087,0.286482066,0.437063366,0.600029826,24.69565392,24.8849144,25.06140709,25.14494896,25.35385513,0.000329955,11.24336624,0.768763661,0.409791231,0.011121833,0.466187507,0.513972521,0.460700423,0.479281604,0.303536534,0.508464217,0.553218007,0.504389286,0.484061718,0.281917959,31.46888161,32.07343674,31.72382927,30.90911484,30.36640739,25.34908867,26.11666679,25.64283943,25.32695389,24.82903671,19.27747536,20.20651054,19.60273552,19.78528786,19.3434906,0,19.44164848,20.37795448,20.43885422,20.64729309,21.28271294,3.184765577,3.410416842,3.429166794,3.167187452,3.085416794,112.1679688,105.8257828,100.9638062,121.828125,121.8460922,1418.74939,1399.687134,1282.874146,1359.749634,1255.185059,25.00182533,25.48771858,25.72947502,25.54116631,25.85800362,25.12988091,24.67417717,25.2326107,25.18777466,24.988451,24.96776581,24.91096497,71.62011719,189.1239166,332.5834961,351.0349121,446.5787659,528.229248,479.079834,556.3048096,642.7354736,730.6547241,815.8480835,22.32795334,25.92709351,29.95527458,34.05282974,38.02334595,10.55360603,9.979582787,11.33342457,11.22070313,11.22136688
ZZ201500000130,ZZGE61FL,ZZ,2015,130,ZZ2015DHS,807.6659546,1478.512329,1706.890503,2738.764404,3725.334229,26.81516457,25.66039848,23.73468971,30.313591,31.2300415,29.78712082,28.81271935,29.54723358,28.46035767,28.67458916,12.77855873,12.46209526,12.7103014,11.62835693,11.52828407,4,683.5478516,0.413325191,0.444046825,0.441836953,0.436981589,0.43743968,0,0,0,0,0,26.78908157,10,0,0.038924128,0.032056484,0.259900957,0.532344043,0.53423959,24.41658592,24.18256378,24.67230415,24.1547451,24.28927422,0.010674276,0.92124331,0.033439089,0.061234124,0.003288043,0.543011069,0.564088404,0.56233722,0.523958445,0.423570186,0.692329168,0.789588749,0.756343067,0.594834268,0.45789361,31.34555817,32.07235336,31.58125114,30.72534752,30.11601639,24.93249512,25.8126297,25.2045002,24.88943863,24.32663536,18.56699944,19.6102581,18.8709507,19.09699059,18.58773232,0,19.04604721,19.55240631,19.79737282,19.84913254,19.90395927,3.453544617,3.728674889,3.67840004,3.440755367,3.339785814,92.60736847,95.67928314,87.30568695,104.301651,104.301651,1259.659302,1240.819214,1112.847168,1547.99939,1374.90979,23.40345955,23.70107841,23.95736122,23.96771622,24.02357674,23.01657104,23.02417946,24.00954247,24.2983551,23.83939552,23.08548737,23.1457634,93.94042969,169.2524414,261.3014221,381.4436646,539.4361572,696.3024292,341.8721008,500.8896484,730.1884766,1047.341675,1475.567017,15.96145439,23.38572693,34.09131622,48.89868546,68.89183044,9.571754456,9.425294876,10.18530083,10.45409393,10.45409393
ZZ201500000131,ZZGE61FL,ZZ,2015,131,ZZ2015DHS,122.1999283,97.56072235,119.355278,119.7480698,153.6368408,31.82058716,29.5946064,31.14884377,36.03158569,40.34550858,26.66669083,26.36470985,26.98216438,26.10835648,26.33917618,12.02052975,11.70402241,11.95490456,10.83820915,10.63091755,1,1122.261841,0.422690928,0.459445715,0.470961332,0.475999713,0.490638584,0.000810185,0.001164641,0.001822917,0.001671007,0.000962095,15,11,0,0.026342263,0.031568162,0.249914065,0.502574801,0.371253312,21.68605995,21.89997101,22.1867485,21.82413864,21.99040985,0.008380898,7.918439388,0.613410115,0.449820131,0.009773199,0.481580436,0.497968525,0.409455925,0.294615686,0.24579595,0.512025952,0.54411602,0.388875157,0.24982436,0.207743615,27.86647797,28.54492188,28.07855988,27.12761879,26.61937332,21.83705139,22.67032814,22.06873512,21.68203163,21.27829933,15.84595013,16.84090042,16.12365532,16.28940964,15.98845482,0,16.70542908,17.43523216,17.39133072,17.5399189,17.64164162,3.191811323,3.451345682,3.384707689,3.182465315,3.062963009,101.5653076,102.1412201,105.4297333,114.6692734,123.5767975,1371.849243,1237.307007,1283.348633,1672.273071,1457.485718,21.79022217,21.93122864,21.93695641,21.92948914,21.90995407,21.23309708,21.13873863,22.06804085,22.51347923,22.09061623,21.67268753,21.55748558,183.6542969,19.1047802,18.25786781,23.62472153,23.20704651,28.23599434,633.6049805,717.9319458,809.3986816,897.8467407,978.270813,29.52817345,33.45810318,37.72076797,41.84275055,45.59078979,12.76730156,12.55644703,14.07696056,13.91024303,14.38143158
ZZ201500000132,ZZGE61FL,ZZ,2015,132,ZZ2015DHS,176.3290863,369.2000732,634.1381226,905.6164551,1286.103882,27.99555779,26.50578117,25.2463913,31.74098778,32.74180603,29.2364769,28.29937553,29.15269661,28.0050354,28.54070473,12.73197365,12.40933132,12.65905666,11.56141472,11.47197628,4,695.9951172,0.441958547,0.457509816,0.453238964,0.435116649,0.463870019,0,0,0,0,0,20.90997887,10,0,0.036643896,0.034301706,0.265105158,0.501609445,0.538315892,23.85417557,24.04969978,24.69392967,24.07613564,24.4734478,0.006697019,0.832163155,0.029316103,0.065251209,0.002496752,0.541001081,0.566846371,0.559650779,0.528272331,0.411474884,0.676620424,0.7836743,0.737232625,0.602730215,0.436022729,31.15567207,31.89512634,31.37171555,30.49414063,29.90567207,24.76822853,25.66031647,25.02301788,24.69003296,24.14343262,18.42369843,19.48579407,18.71265984,18.93272591,18.43369484,0,18.47187424,19.80002403,20.23516083,20.14723396,20.40619087,3.406857729,3.67915225,3.624016285,3.387485504,3.288035393,95.37688446,97.51880646,91.49333191,107.5221405,107.6562195,1330.772461,1259.8479,1162.090576,1543.171021,1341.851563,23.43150711,23.72496605,23.98335457,23.96381569,24.00768089,23.09185791,23.11282539,24.08024216,24.29117966,23.815382,23.13505173,23.21585655,161.2597656,32.4008522,65.24971771,128.796463,178.3732147,240.3857422,342.032074,501.1240234,730.5301514,1047.831665,1476.257324,15.96145535,23.38572693,34.09132004,48.89868546,68.89183044,9.933157921,9.780723572,10.71508026,10.87488365,10.88089943
ZZ201500000133,ZZGE61FL,ZZ,2015,133,ZZ2015DHS,91.62049103,116.4918289,127.808342,113.647377,128.1012421,35.2825737,29.76428223,37.98158646,38.59049988,43.5402298,23.69295502,23.75145912,24.11124992,23.9995842,24.23124695,12.34296894,12.01940155,12.27903652,11.16666698,11.09348965,1,1225.945313,0.426982373,0.405034363,0.43638438,0.416443735,0.439484984,0,0,0,0,0,28,12,0,0.017283248,0.012929513,0.235690519,0.533352375,0.358218074,20.5177784,20.99277496,21.03802109,20.72640991,20.89318085,0,0,0,0,0,0.547390163,0.568740487,0.559728265,0.445146352,0.397920519,0.705329716,0.758767426,0.718915641,0.442752928,0.416050315,29.09348869,29.70221329,29.24713516,28.2265625,27.82682419,22.89440155,23.67044258,23.08502579,22.61276054,22.25481796,16.75052071,17.68281364,16.96809959,17.05989647,16.73333359,0,17.34260178,18.23409081,17.96479225,17.45323563,17.55511284,3.06888032,3.275130272,3.245833397,3.013411522,2.946744919,108.2779922,97.48190308,123.2819061,116.2890625,128.3019562,2218.561035,2107.811523,2385.998779,2549.814453,2337.231201,21.03316498,21.08454895,21.29090691,21.39590836,21.4596405,20.5212841,19.87902451,20.59880447,20.72203636,20.35861778,20.6285038,20.57795143,236.140625,17.16113281,21.80070496,25.0340004,22.02473831,23.54296112,202.6095276,229.5749969,258.8235779,287.106842,312.8242493,9.427020073,10.68167019,12.04254818,13.35851288,14.55509281,13.15865898,12.51674461,14.73046875,13.93281269,14.60005188
ZZ201500000134,ZZGE61FL,ZZ,2015,134,ZZ2015DHS,10271.68262,16512.20898,13072.00098,23792,30306.96875,46.72691345,45.82173157,46.26304245,47.20018005,47.11680222,28.41227341,28.31406212,28.81312561,28.47979164,29.21554947,10.69587708,10.4832468,10.64197063,10.19574642,10.19574642,NA,421.5380859,0.489586711,0.499422401,0.508277655,0.492877781,0.46965006,0,0,0,0,0,46.43993759,15,0,0.061364412,0.052021127,0.336058468,0.581757903,0.607328832,23.92009354,24.05885315,24.9228878,24.43543434,24.97867966,0.003400578,3.309194803,0.034255989,0.201831475,0.004313115,0.546297908,0.568791151,0.550233662,0.481932372,0.418442875,0.717726767,0.890216231,0.690538943,0.525364518,0.479551136,30.98997498,31.53164101,31.44678879,30.68559074,30.60876846,25.62135506,26.26184845,26.10212708,25.56553841,25.48871613,20.29409599,21.04839516,20.80481911,20.48984337,20.41302109,0.095767848,19.42791748,19.80364609,21.0326519,20.39107704,20.74181175,3.047395945,3.107595444,3.077951431,3.016840219,3.022178888,142.395401,142.395401,142.395401,142.395401,142.395401,1720.313232,1743.335693,1650.395508,1575.479614,1519.835815,25.17944336,25.59575272,25.55105972,25.63804626,25.30767441,24.83254433,24.06324387,24.11186028,24.45473862,24.77226257,24.60442924,24.78569794,15.79003906,2422.784668,3065.436523,3285.133545,4201.691406,5074.672852,4721.30957,5452.288086,6264.834961,7082.734375,7865.193359,219.4640961,253.4427185,291.2129211,329.2319336,365.6035767,12.0563364,12.0563364,12.0563364,12.0563364,12.0563364
ZZ201500000135,ZZGE61FL,ZZ,2015,135,ZZ2015DHS,578.3557129,783.6917114,1031.333862,1115.375977,1473.48584,42.51257324,35.69937897,48.82579803,48.3968277,53.88308334,22.3945446,22.73690987,23.11318398,23.23182869,23.6097393,11.82040024,11.58407116,11.7854023,10.71873569,10.58191586,NA,1571.368286,0.469721377,0.482163727,0.508061469,0.480074108,0.496298224,0,0,0,0,0,21,14,0,0.01203246,0.009098308,0.248062372,0.296586752,0.385713726,17.65376472,18.32817078,19.04821777,18.20484924,19.08893585,0.013272309,22.12012291,1.401204109,1.447198987,0.027618334,0.419583291,0.287538886,0.346982867,0.211908415,0.230087295,0.40454936,0.232313648,0.30015707,0.150946379,0.188868284,24.7463398,25.42589569,24.97340965,23.85737991,23.5570755,18.81462669,19.60552597,19.06005669,18.48368073,18.24061012,12.92594051,13.84182549,13.18800735,13.13864326,12.97515965,0,12.9129858,13.91943264,14.98325253,13.17787075,14.56813145,2.726490259,2.935445547,2.887210608,2.664077044,2.66571188,115.9101181,104.7935715,140.9703522,128.9328613,143.6367798,1496.373413,1470.115234,1749.982056,1550.932007,1382.812866,17.75380516,17.70223808,17.72193527,17.92740822,17.73681831,16.9685154,17.65064049,18.38386345,18.33275604,18.11076736,17.45768166,17.44300842,315.7939453,116.1116867,156.5127869,191.5514374,198.9282379,249.2391663,3164.338867,3729.944336,4374.578613,5048.130371,5721.92334,147.1502075,173.4523773,203.4295959,234.7515564,266.0847168,14.40329075,13.71074009,16.71050072,15.33269596,16.14579582
ZZ201500000136,ZZGE61FL,ZZ,2015,136,ZZ2015DHS,1020.948486,1084.75293,1391.24707,1764.742798,2242.423828,38.74525452,33.48407745,39.29582214,42.90872955,44.76325226,25.93837166,26.29758072,26.47832108,26.33628464,26.3858242,11.66335392,11.31610203,11.59074116,10.45465851,10.53417301,NA,596.5966797,0.52092737,0.519580126,0.537265062,0.507879734,0.543243289,0,0,0,0,0,25.13431358,14,0,0.034571249,0.037211068,0.290092885,0.524349928,0.562842786,22.73983192,23.30111694,23.60097313,23.51080322,23.668396,0.002990579,11.23072433,1.080885887,0.411363751,0.012549491,0.470903695,0.439664096,0.423280597,0.463175356,0.277947754,0.512369096,0.432323337,0.422956675,0.473710686,0.253638446,30.22092056,30.75528145,30.43831062,29.44901657,29.0299778,24.37102127,25.06820107,24.62485504,24.20643806,23.73564911,18.55756569,19.43917847,18.84756851,18.99435806,18.49580383,0,19.54129219,20.30465126,20.72362328,20.6853199,20.95096779,3.005150557,3.210735083,3.231886625,2.955512285,2.886747599,116.435318,107.5085068,126.9996414,126.817276,129.2202148,1879.429565,1738.276611,1817.006958,1852.241211,1774.764648,23.85433578,23.93236923,24.10307312,24.08558846,24.01407242,23.36998749,23.13956261,23.66209984,23.86245537,23.73487091,23.63946724,23.64923859,95.22753906,172.3330231,200.2664032,242.1356049,324.2530518,391.1524048,328.5932922,381.5606995,440.8421326,501.1445618,559.5773315,15.29247665,17.75753975,20.51645088,23.32287979,26.04229546,11.79674435,11.32384109,13.34726429,12.6573925,12.76711082
ZZ201500000137,ZZGE61FL,ZZ,2015,137,ZZ2015DHS,77.61862946,99.93326569,129.2335815,151.7151184,170.3504791,29.46385574,27.57470131,27.39523888,33.62447357,34.89235306,28.83227158,28.26020813,28.32165527,27.62194443,28.43873215,12.63155365,12.29648495,12.5525465,11.44020557,11.36889458,1,658.2705078,0.454623818,0.474770606,0.475138336,0.470210642,0.487210304,0,0,0,0,0,25.58397293,11,0,0.037274875,0.034849524,0.259387285,0.453675061,0.524727046,24.08451271,24.14906883,24.24278259,24.00576973,24.45758629,0.001744096,7.563423634,0.529767156,0.309343547,0.004761622,0.531891346,0.557670414,0.537045896,0.516456425,0.366599441,0.654782474,0.717314124,0.66513747,0.582570791,0.378843725,30.96575546,31.73624229,31.14783096,30.22299004,29.65581703,24.63669014,25.56535149,24.852314,24.47797966,23.9470787,18.33420181,19.4397583,18.59528351,18.78278542,18.28692245,0,19.33675575,20.03792953,20.16391182,20.38959503,20.47644043,3.353399992,3.621860504,3.569748402,3.324797392,3.219082832,98.80409241,99.87171936,97.79411316,111.7945633,112.321373,1370.151245,1287.94397,1228.520264,1640.767944,1383.72522,23.63064575,23.91038513,24.14249229,24.08643341,24.17919922,23.37314987,23.30130386,24.09720421,24.31109238,23.95693398,23.3721714,23.43195343,240.0205078,16.7038002,18.44961739,27.47292709,27.87606812,29.71471977,284.9841919,330.9220581,382.335968,434.635376,485.3132629,13.29174232,15.43429756,17.83225632,20.27151489,22.63514709,10.38239098,10.20939827,11.45483971,11.39127541,11.41507244
ZZ201500000138,ZZGE61FL,ZZ,2015,138,ZZ2015DHS,1716.548218,2072.846191,2151.071045,3497.274658,3956.705566,34.83554459,30.87871742,29.2052803,38.1336174,39.15726471,28.6007328,28.30712891,28.65920067,27.94511604,27.86442184,12.18664646,11.83315945,12.11964703,11.18702316,11.01232624,NA,506.2578125,0.398458153,0.430104196,0.445000976,0.46010685,0.46519503,0,0,0,0,0,28,11,0,0.038555354,0.037475388,0.276697665,0.443245232,0.599552274,23.98370552,24.34522057,24.55182838,24.26996613,24.43202209,0.000914158,8.605300903,0.508626044,0.340124488,0.006112771,0.50236088,0.543230534,0.502312481,0.502055883,0.338231951,0.57424438,0.637862921,0.58324796,0.531908989,0.326553851,31.6838398,32.27173233,31.94311333,31.20319748,30.63023758,25.5660305,26.3337822,25.86594391,25.58884621,25.09542847,19.49719429,20.43857193,19.82346725,20.01617622,19.61791039,0,19.36668015,20.38331032,20.4444561,20.5948143,20.99962425,3.195862293,3.421296358,3.438570738,3.187181711,3.103862762,111.3295975,105.6452408,100.4244232,121.5387726,121.5387726,1382.145386,1338.776978,1223.124634,1382.92395,1243.990234,25.13107109,25.67103767,25.922575,25.7121067,26.0702095,25.34595871,24.76985168,25.29432678,25.23509026,25.08016396,25.20817947,25.06091309,139.7128906,334.7218933,382.6875916,450.7773438,642.5877075,690.1794434,479.0283203,556.2449951,642.6663818,730.5761719,815.760376,22.32795334,25.92709541,29.95527649,34.05283356,38.02334595,10.32206821,9.751594543,11.08590221,10.96754837,10.96754932
ZZ201500000139,ZZGE61FL,ZZ,2015,139,ZZ2015DHS,72.73387909,87.01145935,92.18937683,127.0444183,138.1231232,35.05967712,31.06318474,33.70552444,38.76059723,40.60529327,25.41488647,25.5037632,26.06425858,25.43306732,26.12489128,12.14923382,11.84914684,12.07458115,10.94155121,10.95300961,NA,743.0908203,0.499034166,0.486196727,0.518407941,0.487542003,0.508481085,0,0,0,0,0,26.30810165,11,0,0.022834402,0.028393529,0.246509656,0.44100982,0.476857632,22.31491852,23.03288269,23.3033905,22.84079552,23.26383972,0.003958788,11.21788502,0.644036889,0.35720557,0.007677072,0.433602214,0.368667424,0.369091332,0.397615463,0.246557295,0.451313198,0.333177745,0.343757033,0.376228571,0.217077896,30.19477844,30.85088348,30.45214272,29.50208282,29.01316643,24.0955162,24.89332962,24.39385033,24.01012802,23.51115417,18.04554367,19.00173569,18.37756157,18.56053162,18.06015587,0,19.21494865,20.56200218,20.54252243,20.2485218,20.40279007,3.137138367,3.376056194,3.378443241,3.111096621,3.035098314,109.9870605,104.871048,113.8722076,120.5879669,123.2410583,1755.354614,1623.896606,1564.340332,1616.315674,1460.489502,23.50860023,23.71722221,23.87904739,23.80098915,23.81752968,23.16312599,22.8863163,23.52900887,23.81968117,23.56085014,23.38865852,23.35578728,475.2939453,13.51575279,16.28364182,18.68084908,24.62106895,25.38482285,202.3829041,229.318222,258.5340576,286.7857056,312.4743347,9.427020073,10.68167019,12.04254723,13.35851288,14.55509186,11.57978439,11.17849064,12.76066685,12.47457981,12.59349251
ZZ201500000140,ZZGE61FL,ZZ,2015,140,ZZ2015DHS,9.110990524,10.37611294,13.89826965,14.48844719,16.85067368,45.34742737,35.98770142,47.31700516,47.76321411,48.63591766,26.298069,27.13343811,27.08781242,26.84308624,27.61625099,11.50625038,11.03372383,11.39375019,9.971223831,10.17747402,NA,513.1738281,0.462423891,0.480377108,0.465610951,0.463247418,0.502570748,0,0,0,0,0,14.84100914,14,0,0.023698233,0.025031414,0.184706196,0.314987063,0.458738118,23.01265907,23.86339569,24.04963493,24.0903511,24.4403038,0.00184103,9.490036011,0.537419796,0.343446672,0.00795707,0.508674026,0.533882558,0.51470077,0.480546445,0.361493766,0.602320492,0.641529858,0.5954476,0.514568806,0.370808601,30.77486992,31.19283867,31.09492302,30.02604294,29.71562576,24.99518204,25.6636734,25.38072968,25.02044296,24.60690117,19.26861954,20.15911484,19.70117188,20.0548172,19.53815079,0,19.72724915,20.59335327,21.01145935,21.33761406,21.26435661,2.907161474,3.101822853,3.147916794,2.860546827,2.810286522,131.8322906,111.6274796,148.9499969,136.6289063,136.6808624,1904.43811,1836.125732,1719.249268,1745.810791,1690.042114,24.39669609,24.47655106,24.63640594,24.73542404,24.60836601,23.91483307,23.39926529,23.6882267,24.07767296,24.22352982,24.06964302,24.12335014,1176.183594,1.601255298,1.915631533,2.553749084,2.66210103,2.939311028,80.9048996,93.94631958,108.5423508,123.3897705,137.7768402,3.763323069,4.369949818,5.048890114,5.739523411,6.408743858,11.69161415,10.92947865,12.37981701,12.22747421,12.22966099
ZZ201500000141,ZZGE61FL,ZZ,2015,141,ZZ2015DHS,6343.762207,4858.641113,8858.770508,10200.87402,13204.93945,44.3439064,37.03033066,50.57227325,55.55348969,56.34145355,22.72261429,22.80152893,23.08482742,22.26899147,22.70700836,11.59913254,11.33016491,11.55377579,10.49557304,10.25711823,NA,1517.689453,0.181664959,0.235890105,0.211932465,0.211589575,0.206477344,0,0,0,0,0,NA,13,0,0.011857117,0.007074829,0.326275647,0.569438577,0.269219249,20.41630554,20.82163239,21.20251846,19.46347237,20.9974823,0.025967145,970.506897,823.5481567,1.075851202,276.7138977,0.326485217,0.147834569,0.251918405,0.160579816,0.158363685,0.280631512,0.089894176,0.187178165,0.101328,0.110166274,23.99804688,24.67356682,24.20872498,23.14401054,22.84839439,18.17803955,18.97960091,18.40794373,17.87061501,17.69231796,12.39891529,13.34340286,12.65494823,12.6484375,12.59127617,0,18.11000061,18.84173584,19.3202076,16.65795135,19.28795624,2.710633755,2.907769203,2.868229151,2.665755272,2.656640768,120.2000885,107.6756516,145.0528717,148.0920258,149.6790009,1102.812988,1100.29248,1295.146118,1356.310547,1266.480713,18.65977478,18.54328537,18.43262863,18.54447365,18.51151657,18.10342598,18.02289772,18.54428864,18.55851364,18.28306389,18.35146904,18.36007309,32.74121094,821.8930664,909.2637939,1144.298462,1976.918213,2426.856934,4164.766602,4719.059082,5320.281738,5901.662109,6430.299805,484.6486816,549.151001,619.114563,686.769043,748.2859497,14.58012962,13.96232128,16.52922249,16.00045586,16.54525948
ZZ201500000142,ZZGE61FL,ZZ,2015,142,ZZ2015DHS,185.9807892,145.9321899,256.1237183,224.9826202,242.298645,35.09185028,31.05406189,33.8348732,38.78070068,40.67902756,25.29151535,25.55948067,26.42336845,25.50625038,26.5695076,12.13589478,11.83146763,12.06054688,10.92743111,10.94097233,NA,719.921875,0.503890514,0.498678476,0.526515961,0.497807622,0.512832522,0,0,0,0,0,28,11,0,0.023313146,0.028498802,0.252627552,0.451973796,0.481060505,22.44200325,23.14677048,23.58447838,23.06263161,23.69627762,0.004421756,11.3608017,0.74774754,0.294606179,0.008437232,0.423184872,0.349756062,0.349779993,0.379803687,0.239757106,0.434377015,0.309310913,0.319883823,0.353315353,0.208838031,30.21766663,30.86028671,30.47309113,29.52083397,29.03671837,24.12543488,24.91193581,24.42183113,24.03663254,23.54040909,18.08176994,19.02882004,18.41254425,18.59340286,18.09574699,0,19.59248924,20.73406219,20.74559021,20.61901665,20.82304764,3.135720491,3.37191844,3.376302242,3.108289957,3.03168416,110.0382462,104.7117615,114.236763,120.5416718,123.3259583,1731.165649,1579.64502,1538.790161,1615.224487,1473.299194,23.63522339,23.83828926,23.99635315,23.91857719,23.94472885,23.28492546,23.02529144,23.65902901,23.93732071,23.68674278,23.51753426,23.47473526,428.2060547,21.18870163,27.31027985,31.91321182,43.60138702,44.53062057,202.3924561,229.3290253,258.5462646,286.7992249,312.4890747,9.427021027,10.68167114,12.04254913,13.35851383,14.55509377,11.60101986,11.19366646,12.80345917,12.49318504,12.61874104
ZZ201500000143,ZZGE61FL,ZZ,2015,143,ZZ2015DHS,44.79729843,60.37119293,81.47491455,87.30123901,119.0609436,28.17762375,26.62266922,26.30464745,31.95139885,33.55408478,25.96939278,26.75413132,26.55434036,26.41541672,26.45479774,12.47462368,12.1404953,12.39406872,11.28493977,11.16986465,1,727.125,0.45887807,0.453890681,0.461800307,0.454961479,0.468432486,0,0,0,0,0,14.51815033,10,0,0.024574198,0.024544725,0.207680896,0.411011428,0.440461338,22.76633072,23.65594864,23.63297462,23.34225655,23.58060455,0.008080699,9.139142036,0.606558084,0.252194673,0.00414473,0.550965548,0.566108704,0.55083555,0.528692901,0.408320099,0.708045363,0.768550515,0.72189641,0.616235971,0.446231753,30.47141075,31.22171593,30.66699982,29.75603294,29.19502449,24.22066116,25.12145615,24.45423889,24.08861351,23.58122253,17.99678802,19.08122253,18.27293205,18.47109413,18.02515984,0,19.56327057,20.55776596,20.71160889,20.26909637,20.70641327,3.371267319,3.661299229,3.585705996,3.386993647,3.245124578,94.99430084,97.47355652,94.32073212,108.2191849,108.8871841,1362.150269,1293.317139,1231.650391,1734.456299,1475.475708,23.24922943,23.53738213,23.70592117,23.63890076,23.56166267,22.6308918,22.56354332,23.59821701,23.92966461,23.65127182,23.04587173,23.04928207,671.7412109,9.055567741,11.14569187,15.31246376,16.04069138,20.76814079,284.9143982,330.8410034,382.2423096,434.5289307,485.194397,13.29174232,15.43429661,17.83225632,20.27151489,22.63514519,10.37616444,10.27781868,11.38561249,11.4188652,11.44941235
ZZ201500000144,ZZGE61FL,ZZ,2015,144,ZZ2015DHS,1392.86145,1413.62915,1958.843872,2085.737061,2617.7771,40.52328873,34.13327789,50.30022049,46.05927277,46.61846542,25.8568058,25.34146881,26.24082184,25.13974571,25.22400475,11.81141472,11.2327261,11.66540813,10.40477467,10.42673588,NA,508.59375,0.46845004,0.516204774,0.5111081,0.517296135,0.524238884,0,0,0,0,0,27.57145119,15,0,0.038540255,0.033885278,0.285598546,0.503612399,0.593274951,22.76854324,23.06567764,23.59864807,22.9164238,22.98298264,0.001197814,2.776312351,0.300943643,0.147256985,0.004152028,0.560345829,0.569326222,0.55177182,0.47114107,0.41871962,0.764201641,0.829037547,0.71818465,0.487960994,0.465796262,31.12543488,31.47310448,31.44283867,30.38517189,29.99926186,25.19790268,25.83991623,25.58962631,25.15031815,24.75342941,19.31402016,20.24037933,19.77742958,19.98039627,19.57252693,0,19.68027687,20.78988838,20.9564724,20.69310188,20.74196053,2.971252918,3.155280828,3.18230629,2.898307323,2.864626884,120.4049377,107.7000732,160.0707092,133.493927,133.5445099,1978.171387,1980.748901,1986.388306,1971.811523,1998.376221,24.36109924,24.50170135,24.60239983,24.78198051,24.57374573,23.92448425,23.44231224,23.65097046,23.9618206,24.16161728,23.94578743,24.11689758,97.80566406,227.0763397,260.9833374,310.6829224,383.2324219,456.6263123,132.7150116,154.1079254,178.0510101,202.4064636,226.0067749,6.529049873,7.581496239,8.759400368,9.95759201,11.11863327,11.67646122,11.11622429,12.7646389,12.42013931,12.4234333
ZZ201500000145,ZZGE61FL,ZZ,2015,145,ZZ2015DHS,120.5686417,184.4137115,190.8496704,260.8614502,291.5531006,35.4951973,30.53083038,36.06693649,38.45287323,43.04601669,24.49598503,24.71743011,24.7996521,24.97100639,25.36937904,12.17044258,11.87925434,12.09878445,10.97369862,10.89570332,1,1044.436523,0.455660254,0.454275697,0.464024127,0.437879533,0.446362436,0,0,0,0,0,22.18518066,12,0,0.02099108,0.020735027,0.27592048,0.558960378,0.371255994,21.31496239,21.81694412,22.19969368,22.21729088,22.53886032,0.005643555,11.03153992,0.715699077,0.635791838,0.009298003,0.496474952,0.503342152,0.471339196,0.366485626,0.284617424,0.564207315,0.535667241,0.485771894,0.338577241,0.261767805,28.95381927,29.56705666,29.11757851,28.14370728,27.7002182,22.85590363,23.60212898,23.04535675,22.63055611,22.21961784,16.78337669,17.68780518,17.01879501,17.17000961,16.80451393,0,18.13393974,18.91645813,19.59973526,19.46357346,19.70833969,3.108941078,3.325347185,3.30039072,3.079470634,2.994878531,110.352478,101.5256119,119.0349884,118.4144974,128.9175873,2112.690674,2017.3573,2108.462158,2270.735596,1947.624634,22.38718224,22.42677116,22.51180267,22.53134537,22.53521919,21.85400009,21.37418938,21.96464539,22.27317619,22.1762886,22.10718536,22.18480492,281.1972656,26.28789139,34.51185226,44.81168365,50.5546608,53.58280182,620.427063,703.0001831,792.5645752,879.1730957,957.9244385,28.8842392,32.72846603,36.89817429,40.93026733,44.59656906,13.01657104,12.44762135,14.42486954,13.86328125,14.41009045
ZZ201500000146,ZZGE61FL,ZZ,2015,146,ZZ2015DHS,52.14086533,69.61656189,89.53289032,97.31287384,130.5049591,36.10836411,30.98795128,45.76354218,41.75005722,43.58181763,24.81083298,25.25774193,25.79913139,25.78583336,25.9673233,11.92825603,11.72005272,11.89218712,10.24479103,10.73411465,NA,666.3378906,0.451666832,0.450624645,0.47211197,0.46415332,0.45575583,0,0,0,0,0,15.33864689,15,0,0.027961424,0.025388533,0.254867047,0.437102914,0.526856124,22.41291237,22.62664986,23.45833969,23.55690575,23.01990128,0.002855933,4.975086689,0.689867496,0.253664494,0.007883958,0.536952972,0.543651104,0.472468257,0.352486908,0.365132689,0.659948468,0.644897699,0.501341462,0.327529788,0.37549454,30.40655327,31.05698776,30.74969673,29.41697121,29.22721481,24.42322159,25.1639328,24.77643204,24.27604294,23.83515739,18.47829819,19.33693504,18.85750771,19.17218018,18.49309921,0,20.01498985,19.99555588,21.11754608,21.32798004,20.07247925,3.018446207,3.209548712,3.23602438,2.936414957,2.887413263,108.9911499,99.45733643,148.0919189,122.5954819,125.8387146,2167.812744,2068.248779,2307.248535,2312.124268,2175.825928,23.36353111,23.35351372,23.49899864,23.60114479,23.42575455,22.69634628,22.3602581,22.66682053,22.8353405,23.06477356,22.81837463,23.03086853,471.4697266,9.152139664,12.85256672,16.33014679,17.88022423,22.7643528,138.7210846,161.0821533,186.1087799,211.566452,236.2348022,6.449549675,7.489181519,8.652742386,9.836344719,10.98324871,12.26152325,11.71815491,13.48943138,13.06848907,13.24433136
ZZ201500000147,ZZGE61FL,ZZ,2015,147,ZZ2015DHS,716.1538086,998.3428345,1002.699646,1893.616211,2292.860107,41.82139587,35.61817932,43.54486084,46.13088226,47.36048126,26.54899025,26.90530014,27.06920242,26.64673615,27.18732452,11.44519711,11.14150715,11.39308453,9.826635361,10.24396706,NA,570.2089844,0.518333375,0.529020965,0.537623107,0.511840701,0.555090606,0,0,0,0,0,29.14679146,14,0,0.033971693,0.046328992,0.286415219,0.532753766,0.589356124,23.00868416,23.54287529,23.91849518,23.7103405,23.89694977,0.005083621,12.90609646,0.957713127,0.5236215,0.011851796,0.466284186,0.462707728,0.441222906,0.452367723,0.281995863,0.511392117,0.467954069,0.442978382,0.460013837,0.254791081,30.26248741,30.80567169,30.53216171,29.38339233,29.10879707,24.51854706,25.20308113,24.80580139,24.45091248,23.96034431,18.81728935,19.66416359,19.13907623,19.55675697,18.86483002,0,19.46837616,20.18045235,20.76778984,20.77394485,20.60657692,2.928978682,3.145428181,3.163830996,2.880714655,2.818721056,122.4939728,112.0344238,137.7685852,132.8898926,133.4959869,1965.874268,1827.250854,1885.887573,1844.326904,1855.941528,24.06518555,24.18751717,24.33756065,24.43694115,24.26516724,23.63888359,23.21214485,23.64065933,23.92311668,23.9815464,23.84894753,23.92970467,77.05859375,158.6600952,184.3134308,224.7579193,347.9321899,399.9501038,294.6053162,342.0940552,395.2437134,449.3088074,501.6975708,13.70830917,15.91801262,18.39112473,20.90683365,23.34453964,11.6645422,11.13481426,13.14438725,12.444314,12.47106457
ZZ201500000148,ZZGE61FL,ZZ,2015,148,ZZ2015DHS,2778.596924,5989.06543,3242.919434,6913.492676,7644.317383,36.27296066,31.51985741,42.26950073,53.19563675,45.77597427,21.48261452,21.00420189,20.87340164,21.17347336,20.78757095,12.60399342,12.37209225,12.55251789,11.56545162,11.30876732,NA,2725.62207,0.379653215,0.425097078,0.410580903,0.415805221,0.416373283,0,0.0153125,0.002065972,0.008780382,0.000516493,33.46710587,14,0,0.005535724,0.003993594,0.250109583,0.253844917,0.167941481,15.57231045,15.37906265,15.45418358,15.13817692,15.31547165,26.26904678,25.0053196,12.7834959,26.20243645,39.72758865,0,0,0,0,0,0,0,0,0,0,23.69796181,24.42261314,23.9948349,22.92443657,22.6950531,17.37413216,18.21467018,17.69527054,17.11649323,17.00946236,11.09396744,12.0505209,11.44231796,11.35898399,11.38628483,0.000305576,9.662007332,9.753923416,10.03496552,9.102882385,9.843373299,2.61184907,2.805685759,2.753298759,2.523958445,2.600564241,94.73949432,88.43481445,116.3805618,134.2635803,119.0433578,1196.282471,1220.367554,1773.770386,1505.143799,1512.515869,15.58233929,15.53224373,15.34757996,15.16766071,15.0934639,14.78256321,15.18810749,15.46063232,15.45124722,15.31204033,15.13972282,15.33830261,109.1064453,854.5961914,1020.691406,1038.608643,1071.182495,1090.382813,6585.788574,7430.146484,8423.12793,9302.100586,10043.08398,306.2081604,345.4668274,391.6357727,432.5038757,466.9560852,15.450881,14.804492,17.65837288,17.11041641,17.46013451
ZZ201500000149,ZZGE61FL,ZZ,2015,149,ZZ2015DHS,6956.029785,7476.578613,7401.67627,10027.66895,11420.25781,36.04073334,31.13887978,36.49734879,39.12659454,43.98088455,26.84064484,26.82569504,26.92139053,27.1351738,27.350214,12.13689232,11.84470558,12.06801224,10.94188404,10.84309959,1,638.5683594,0.508514225,0.520777762,0.53747642,0.497001916,0.518490136,0,0,0,0,0,33.78092957,12,0,0.032673288,0.033223473,0.359702408,0.659559429,0.459079742,22.40782166,22.99358559,23.25382423,23.30127716,23.2964592,0.006937808,12.09683895,1.271336675,0.704008579,0.017553553,0.496895015,0.497697026,0.457148373,0.341658592,0.269816041,0.569265544,0.532955885,0.467428923,0.306183368,0.24509488,28.47786522,29.09752655,28.64804649,27.66302109,27.221138,22.39305496,23.14752769,22.58815193,22.16753578,21.76744843,16.3409729,17.25282288,16.58003616,16.721138,16.37803841,0,17.97500038,19.16147804,19.58625984,19.46738052,19.2427063,3.084461927,3.304253578,3.276128531,3.058159828,2.971918344,111.166275,102.8907547,119.570015,119.6553802,130.7075958,1923.566406,1851.462524,1938.753418,2215.519775,1920.10437,23.80011749,23.83692169,23.88936996,23.83478737,23.83795738,23.23886681,22.95126534,23.6327877,23.96460342,23.86618614,23.58424568,23.71045685,89.0234375,1241.424438,1399.194214,1445.630493,1943.35144,2098.86084,620.3754272,702.9417114,792.4987183,879.0999756,957.8447876,28.88423729,32.72846222,36.89817429,40.93026733,44.59656906,13.20728302,12.65612411,14.62824154,14.08815098,14.66503429
ZZ201500000150,ZZGE61FL,ZZ,2015,150,ZZ2015DHS,9059.063477,10224.28906,9890.658203,15961.78711,17254.62109,36.14886856,31.31212807,36.50566101,39.28858185,44.13324356,26.55527687,26.48737335,26.67201424,26.95298576,27.23139191,12.12051487,11.82844353,12.05270576,10.92582512,10.82507229,1,644.484375,0.516781926,0.526620388,0.537122965,0.502781987,0.524619818,0,0,0,0,0,36.90654755,12,0,0.033107787,0.03447355,0.361170262,0.658117771,0.470875353,22.2502079,22.82828331,23.12599754,23.20119476,23.269701,0.004548726,9.024681091,1.19523859,0.428450286,0.015922839,0.48723948,0.485592306,0.444385409,0.334136814,0.262100011,0.547938049,0.509212971,0.448992163,0.296515882,0.235645309,28.37421989,29.00282097,28.54628181,27.56244278,27.11601639,22.29699135,23.06092453,22.49390984,22.07505798,21.67213631,16.25370407,17.17437935,16.49357796,16.63661766,16.29094315,0,17.94513893,19.16919136,19.57998276,19.44940376,19.3080101,3.079890013,3.301765203,3.271556854,3.055729151,2.967086315,111.3345337,103.3852844,119.4303436,120.0552673,130.9471436,1916.814941,1833.689941,1930.147949,2170.234375,1882.600952,23.79624176,23.83929634,23.87437057,23.83328629,23.83883286,23.23499107,22.94726563,23.63716316,23.94772911,23.85280991,23.55487251,23.69370651,79.09082031,1770.156738,1913.410767,2009.394287,3093.376953,3171.123535,620.3491821,702.9119263,792.4651489,879.0627441,957.8041992,28.88423729,32.72846222,36.89817429,40.93026733,44.59656906,13.20924473,12.67152596,14.62806511,14.10293674,14.67047405
ZZ201500000151,ZZGE61FL,ZZ,2015,151,ZZ2015DHS,915.0738525,1301.246216,1042.291016,1570.72998,1634.606323,33.60783768,29.09005356,38.42985535,43.18544006,44.35515213,18.9617939,18.72068214,18.90612221,18.55703735,18.54768562,12.38327599,12.09534168,12.3259697,11.27067471,10.96478653,1,2117.53125,0.429006189,0.449374795,0.414875001,0.446285248,0.472791106,0,0,0,0,0,25.80192184,12,0,0.008072845,0.006956527,0.442622244,0.481298029,0.026849277,14.34602928,14.67769718,14.73011589,14.32095528,14.63018799,22.73848915,143.0307922,13.90821934,18.02506638,16.10289574,0.223055556,0.060489304,0.090990216,0.089122809,0.068856992,0.168128118,0.031685673,0.050564542,0.049794201,0.039096866,26.66663742,27.2896843,26.85203934,25.98994637,25.5608654,20.44930649,21.22068977,20.66644859,20.32582474,20.04610825,14.28336239,15.19434357,14.52607059,14.71927071,14.59607983,0,9.730264664,10.63471127,10.55410862,10.08487225,10.71269131,3.033420086,3.237369776,3.191478729,3.019806147,2.953023911,101.9466934,94.17526245,122.6480637,130.4116516,130.9818268,1497.462646,1460.352051,1752.77356,1700.693115,1670.066528,17.00981331,16.96352005,16.97951508,16.82267761,16.57192421,16.2316494,16.4335537,17.13433838,17.4531002,17.13047409,16.70687103,16.90284348,338.2041016,247.2639313,253.9532166,284.2752075,323.6017456,326.1827698,1414.274658,1609.754028,1843.069946,2067.836914,2279.276367,65.81454468,74.91135406,85.76891327,96.22864532,106.0681763,14.37762165,13.82774162,15.9821434,15.75311279,16.58133125
ZZ201500000152,ZZGE61FL,ZZ,2015,152,ZZ2015DHS,56950.44922,68087.78125,92537.83594,94971.58594,111069.6328,46.91156006,46.02693176,46.44501877,47.38757324,47.30915833,30.01579475,29.46479225,29.94381905,30.06975555,30.49166107,10.76775169,10.53046894,10.70759583,10.20963573,10.20963573,NA,402.8710938,0.360519886,0.375391483,0.365428835,0.338988721,0.318506539,0,0,0,0,0,62.94769287,15,0,0.065014444,0.051111538,0.327585459,0.574055314,0.587608278,25.58935547,25.3146534,26.19406891,25.98597145,26.22993088,0.02666848,13.81964302,0.115596585,0.431383133,0.017601961,0.474600226,0.563618362,0.472536325,0.333370835,0.297393471,0.550038755,0.778814554,0.500596225,0.298844963,0.290479869,31.02921104,31.55698776,31.48428917,30.70642281,30.63168526,25.62482643,26.26288986,26.10664177,25.57942772,25.50468826,20.26145744,21.02651978,20.77669334,20.49678802,20.42204857,7.568394184,21.16291809,21.16451454,22.44431877,21.90218735,21.96820068,3.041840315,3.100303888,3.072395802,3.011284828,3.016276121,142.6974792,142.6974792,142.6974792,142.6974792,142.6974792,1769.272705,1805.605469,1737.606323,1639.647705,1567.827026,25.19621086,25.60352707,25.55281448,25.63913536,25.328228,24.85263824,24.05636787,24.07639313,24.4484272,24.768013,24.60134125,24.80828667,0.068359375,9778.625,12640.26953,15660.66797,16772.07813,18597.76953,4018.066406,4640.165039,5331.682129,6027.754395,6693.665527,219.4641113,253.4427338,291.2129517,329.2319336,365.6035767,12.04661465,12.04661465,12.04661465,12.04661465,12.04661465
ZZ201500000153,ZZGE61FL,ZZ,2015,153,ZZ2015DHS,36.9676857,51.72729874,73.6399765,81.02959442,102.4968262,34.72346115,30.15536118,34.70024109,37.78075027,41.38114548,24.36167908,24.67532349,24.8891201,25.15327454,25.10240173,12.14302635,11.84522629,12.06802654,10.94129086,10.90729141,1,1164.248047,0.442281395,0.451608628,0.457813531,0.44732973,0.479315847,0,0,0,0,0,15.06455135,12,0,0.015263715,0.013675538,0.179174677,0.370563596,0.315039366,21.17633247,21.7497921,22.23386192,22.27277946,22.10374832,0.001171521,8.619215012,0.455594212,0.466162652,0.004290543,0.499249548,0.493735045,0.485008925,0.482935667,0.333878309,0.571584523,0.520906091,0.527543485,0.499925852,0.330478877,29.69962502,30.32340813,29.87466812,28.9257679,28.45526695,23.61685562,24.37873268,23.82174492,23.43181419,22.9727726,17.55659866,18.47818375,17.80664063,17.98447609,17.54797554,0,17.99098587,18.8242588,19.57860374,19.39228249,19.105093,3.146889448,3.367390156,3.347598553,3.121889591,3.026823044,109.2708969,101.5448685,116.1624756,117.9473343,125.2534027,2017.556763,1835.446777,1904.371094,2126.793945,1928.138062,21.86453247,21.93909454,22.0469265,22.09000206,22.08436394,21.34534645,20.88791656,21.48068047,21.80371284,21.60950851,21.59672737,21.60791588,977.5332031,6.984479904,9.680435181,14.78457069,15.7034483,18.83727837,202.4649048,229.4111328,258.6388245,286.9019165,312.6009521,9.427021027,10.68167114,12.04254913,13.35851383,14.55509377,12.38726234,11.88177872,13.73344421,13.24357605,13.6098175
ZZ201500000154,ZZGE61FL,ZZ,2015,154,ZZ2015DHS,15259.20313,23742.15625,20735.89453,31260.07227,36580.87891,46.90880966,46.0123558,46.42185974,47.34062958,47.24888229,28.05405235,27.3176384,27.89173508,27.91732597,28.29218292,10.62938404,10.45373249,10.58485222,10.21623325,10.21623325,NA,404.5683594,0.472816706,0.48707357,0.489439547,0.479670852,0.474907547,0,0,0,0,0,40.06583023,15,0,0.06301292,0.05175785,0.332974494,0.580397606,0.610665202,23.93426132,23.64998245,24.62107086,24.33529472,24.67857361,0.009134283,14.85573673,0.092215545,0.486608863,0.010598533,0.526699781,0.568723142,0.532106817,0.417427927,0.372057498,0.656640708,0.856160045,0.626119316,0.413601249,0.400265813,30.95403671,31.51237106,31.42560768,30.71128464,30.64383698,25.61927032,26.25924492,26.11063385,25.58185768,25.51441002,20.32465172,21.05863762,20.84075546,20.49505234,20.42760468,0.119142994,19.81446838,19.98232651,21.35040665,20.75326347,21.06496429,3.045312643,3.10464406,3.077256918,3.017534733,3.023394108,142.8519897,142.8519897,142.8519897,142.8519897,142.8519897,1729.853271,1760.124023,1660.893433,1593.269531,1506.456055,25.18241119,25.58935165,25.5631237,25.61705399,25.30449677,24.81102371,24.0447216,24.06505013,24.42786789,24.75930977,24.6054287,24.79908371,7.706054688,3859.873291,4407.651855,5495.556152,5520.560547,6125.191406,4579.874512,5288.955566,6077.160645,6870.558594,7629.577637,219.4641113,253.4427338,291.2129211,329.2319336,365.6035767,12.04001713,12.04001713,12.04001713,12.04001713,12.04001713
ZZ201500000155,ZZGE61FL,ZZ,2015,155,ZZ2015DHS,42.89038467,63.155159,99.44397736,130.713089,208.7367401,29.57499504,28.24344826,27.49735641,33.66604614,34.43640518,29.91123772,29.24006844,29.4932766,28.8914566,29.03564835,12.80636597,12.46287632,12.75727749,11.82855892,11.6338253,4,622.0449219,0.384858847,0.401853383,0.413608164,0.415905416,0.426705867,0,0,0,0,0,20.73838615,10,0,0.033714864,0.029633753,0.246240541,0.495338738,0.527782142,24.4276123,24.63643456,24.58762741,24.42873955,24.67976761,0.001548784,0.653280139,0.02672671,0.043960318,0.003062184,0.540467143,0.56247282,0.556945503,0.542259276,0.426476955,0.687375784,0.765408695,0.743219852,0.684538484,0.464554191,31.79142189,32.4393692,31.92692566,31.22831345,30.62692451,25.36320877,26.1848526,25.52718544,25.2877903,24.77705574,18.98505402,19.97649002,19.16964722,19.39975548,18.99309921,0,18.94398689,20.03280067,19.68198013,19.96601868,20.32388878,3.354050875,3.607204914,3.583318949,3.311877966,3.237789392,99.19603729,101.8799057,98.53179932,111.4978333,111.4978333,1352.639282,1228.660522,1167.596313,1439.146606,1237.621704,23.8746891,24.26805687,24.64878464,24.57789421,24.79297256,23.82110405,23.77538681,24.58508301,24.551754,24.13531685,23.71684647,23.62725067,329.1513672,7.437642097,11.16158009,19.52596855,25.74568558,39.01499557,341.9417725,500.9916992,730.3372192,1047.555054,1475.867554,15.96145535,23.38572502,34.09131622,48.89868546,68.89183044,9.517045975,9.256246567,10.2075119,10.21429348,10.21429348
ZZ201500000156,ZZGE61FL,ZZ,2015,156,ZZ2015DHS,1210.727295,1812.539185,2613.124023,4685.603027,6971.848145,28.94890022,27.19771957,25.49271202,32.84746933,33.52188873,30.38685608,30.93048668,29.64649391,28.73718071,29.68999672,12.92000866,12.59665871,12.85078144,11.75690079,11.70177937,4,593.9423828,0.393743753,0.392297566,0.41668126,0.432410598,0.439252377,0,0,0,0,0,23.03710556,10,0,0.039654505,0.031952247,0.257692009,0.494344443,0.562164783,24.81291771,25.74638939,25.07446289,24.58911133,25.24489212,0.006693171,0.797172964,0.026070684,0.051217396,0.003574744,0.535683155,0.566251576,0.561250508,0.539938927,0.41607058,0.672011733,0.7952016,0.742643535,0.638773382,0.443061233,31.60060883,32.35082626,31.81215286,30.93702316,30.33793449,25.11861992,26.02534676,25.36336899,25.03585052,24.4634552,18.68059921,19.75416756,18.96137238,19.18012238,18.63615417,0,19.23897743,20.5622921,20.50243187,20.44104004,20.79978752,3.395052195,3.650998354,3.617491484,3.339800358,3.272786617,98.28302765,99.29882813,92.21966553,109.7039948,109.7099838,1324.748047,1291.040771,1181.040527,1523.267578,1262.687256,23.81720352,24.15000153,24.45395851,24.4499588,24.64631271,23.76861954,23.82524681,24.6678791,24.74719238,24.19551468,23.46160126,23.58504677,84.07714844,212.4534149,320.3348999,546.0084839,922.8919067,1303.108521,342.0541992,501.1564331,730.5773315,1047.899414,1476.352783,15.9614563,23.38572884,34.09131622,48.89868546,68.89183044,9.851028442,9.62260437,10.57779503,10.72803783,10.72803783
ZZ201500000157,ZZGE61FL,ZZ,2015,157,ZZ2015DHS,53.15250397,71.22489166,95.82964325,105.4689636,158.3695679,29.44649315,29.21730995,29.9359169,33.8995018,34.6901474,29.29021454,29.69370461,30.08400536,29.33821678,28.81339836,12.59470558,12.27667904,12.55130291,11.56582737,11.4151907,4,615.2978516,0.3940368,0.413724035,0.385843456,0.394223452,0.417566746,0,0,0,0,0,21,10,0,0.035412278,0.02822417,0.252134949,0.548216701,0.55648756,23.98975945,24.83222198,25.00756836,24.63100624,24.49717522,0.008948259,2.303900957,0.186812729,0.076523386,0.041392341,0.533879936,0.5489133,0.541915596,0.50855428,0.404821724,0.664505184,0.718266487,0.698322356,0.601819694,0.43661505,31.86802673,32.50827789,32.07785034,31.34550095,30.77583885,25.54683304,26.34510994,25.77942657,25.53929329,25.03560448,19.27332115,20.2315979,19.52654839,19.77967453,19.36064911,0,18.68930626,19.97074127,19.93113518,19.92379379,20.18095207,3.353689194,3.59403944,3.594053745,3.318619967,3.242983341,98.7543869,105.0081635,107.5912933,112.4995651,112.4995651,1342.139771,1215.661377,1096.610107,1471.270142,1240.110107,24.11853218,24.50893402,24.89343834,24.76044655,25.06723595,24.05543327,24.00805664,24.83199501,24.70451164,24.3049736,24.00393677,23.85263634,180.5361328,10.1411581,13.60874939,20.17804337,20.37267494,29.11486435,325.6286621,438.1581116,593.1239014,798.1574707,1064.953369,15.19997883,20.45272636,27.68635559,37.25709152,49.71082306,9.446177483,9.278774261,10.34913063,10.10201073,10.10201073
ZZ201500000158,ZZGE61FL,ZZ,2015,158,ZZ2015DHS,15637.20117,21937.83594,26303.05078,28512.61523,34748.09375,41.45554733,34.88832855,46.40078354,49.83323669,52.87924957,27.87719727,26.85309029,27.47347069,26.90378571,27.08675766,11.73119259,11.44049454,11.67660618,10.60083961,10.35445595,1,1227.487305,0.413839012,0.444854647,0.440336913,0.422329187,0.417828828,0,0,0,0,0,29.36853027,12,0,0.025666842,0.019514408,0.798608124,0.751113832,0.114954732,21.86877251,21.86131477,22.28687477,21.75328255,22.13875198,67.40207672,30.43289948,93.13780212,3.949966908,4.251901627,0.19202587,0.047600519,0.090127245,0.075629421,0.07230629,0.138710722,0.024415396,0.049833227,0.041229151,0.041774891,25.06103897,25.69361877,25.24075508,24.24430084,23.87272835,19.17346764,19.94875717,19.3791523,18.91763687,18.67070389,13.32984638,14.25312519,13.56414986,13.64346027,13.5182724,0.119334899,15.86034679,16.86953926,17.10027695,16.60277748,17.1907444,2.828197479,3.029788733,2.991030216,2.796802759,2.761588573,117.2444763,105.7042694,138.7861481,139.3737335,146.0307312,1191.016113,1163.223877,1340.836182,1376.656616,1279.101563,20.51740074,20.34656143,20.44158554,20.210886,20.34394455,19.93642426,20.07853317,21.32549667,21.65231705,21.21463776,20.12892151,20.20647812,21.82910156,2282.31665,3435.78418,3812.376953,4053.547852,4561.189453,12885.97363,15164.90625,17976.07031,20791.46289,23550.88672,599.5784912,705.6162109,836.418396,967.4173584,1095.812134,14.62911701,14.00344753,16.39528465,15.87574196,16.64946175
ZZ201500000159,ZZGE61FL,ZZ,2015,159,ZZ2015DHS,409.545166,421.9533386,632.5529785,699.4835815,854.8969727,43.26237869,35.20978546,37.15441895,44.99757004,45.96183395,26.19542122,26.66437531,27.11468697,26.58090973,27.09280968,11.59713554,11.17734432,11.50247383,10.00755215,10.28945351,NA,566.8154297,0.491176695,0.497265637,0.54120779,0.511728644,0.539573967,0,0,0,0,0,22.89787865,13,0,0.033744145,0.034857173,0.263059586,0.494009018,0.578051627,22.85952187,23.85072899,24.11581993,23.91215897,24.04103851,0.003541753,15.86890888,0.924940765,0.472693443,0.014942699,0.474813402,0.452040434,0.436542273,0.422442555,0.287889302,0.509574831,0.446520299,0.437146515,0.406367809,0.25907585,30.73698044,31.15416718,31.06080818,29.99479294,29.6717453,24.91119766,25.54609489,25.27838516,24.96822929,24.50520897,19.13984299,19.97682381,19.55833435,19.98723984,19.38229179,0,19.52362442,21.03708267,21.1169548,21.24341011,20.98926735,2.98398447,3.196484327,3.222786427,2.948046923,2.886198044,129.0942688,112.5475235,119.7407532,132.654953,132.654953,1561.436523,1495.874512,1445.686646,1445.937256,1349.427368,24.39969254,24.64988518,24.87794876,24.88070107,24.88581085,24.14909935,23.57873154,24.00479889,24.2685051,24.35448456,24.40039444,24.34174156,152.8662109,65.26789093,77.90075684,105.0593109,128.5228119,149.1221161,328.4517212,381.3963013,440.6521912,500.9286499,559.3362427,15.29247761,17.75753975,20.51645088,23.32287979,26.04229546,11.33022118,10.51703072,12.14398384,11.82591152,11.82591152
ZZ201500000160,ZZGE61FL,ZZ,2015,160,ZZ2015DHS,68.73847961,79.40658569,98.26934814,89.25855255,116.517067,29.96499634,27.5766716,28.34424782,33.66944504,35.89880371,29.28387642,28.3105793,28.57784653,27.85723305,28.84295273,12.43051243,12.13086033,12.34768581,11.23152542,11.15500641,1,652.9804688,0.416096926,0.42075938,0.433595955,0.442332625,0.448104501,0,0,0,0,0,20,11,0,0.0304795,0.03463921,0.25561294,0.445211619,0.495766044,24.77724838,24.47449493,24.62726784,24.26008034,24.70720673,0.001304547,5.095995426,0.48331058,0.252105653,0.003862061,0.488020301,0.524040937,0.484286875,0.426462173,0.280552417,0.544157386,0.581449151,0.514277935,0.425174981,0.258947551,30.72513008,31.48103333,30.88949585,29.9525032,29.40789986,24.49155045,25.3844471,24.68842697,24.31270218,23.80888367,18.29461861,19.35017395,18.54181099,18.72097778,18.25289345,0,20.27061844,20.63841438,20.67668915,20.66292763,20.57146072,3.342636108,3.603457689,3.54995656,3.327575207,3.184013367,100.1620789,99.37137604,100.6208496,112.0376129,114.302269,1415.222412,1350.549683,1233.173706,1560.860229,1282.731689,23.95100403,24.19334984,24.34927559,24.34759903,24.48395729,23.66604424,23.60248375,24.40205193,24.63889313,24.31900978,23.74956131,23.78075409,459.5087891,13.32130337,14.65999413,18.7762146,16.40032768,20.32440376,285.1323853,331.0941162,382.5347595,434.8613892,485.5656128,13.29174137,15.43429565,17.83225441,20.27151489,22.63514519,11.02478695,10.77384281,12.08282661,11.9964838,12.10312748
ZZ201500000161,ZZGE61FL,ZZ,2015,161,ZZ2015DHS,1067.821533,1389.790649,2213.020508,3626.424805,5293.428223,27.71304893,26.18337631,23.8125515,31.39242363,32.08274841,29.70448112,29.28071785,29.78462982,28.63961792,28.7785244,13.00947666,12.66121292,12.95428276,11.95458603,11.81744766,4,558.7792969,0.34322992,0.37508744,0.359568626,0.362531543,0.377574027,0,0,0,0,0,38.62169266,10,0,0.04340975,0.034440883,0.274242401,0.563297331,0.571214974,24.60663033,24.86725044,25.32784843,24.52458191,24.96184921,0.008793421,0.726588368,0.027987598,0.036452614,0.004577415,0.527717948,0.562294185,0.553735018,0.518420219,0.375275105,0.640733123,0.73200959,0.698853791,0.574644446,0.382548362,31.80487633,32.51927185,31.9823513,31.2086525,30.58715248,25.27391434,26.16294861,25.48020744,25.20761108,24.64891624,18.79540062,19.85805893,19.02806854,19.25406647,18.76970482,0,19.50877762,20.45378304,20.87106514,20.40954781,21.14517403,3.430960655,3.695500612,3.659722328,3.386791229,3.313917875,95.0823822,96.76068115,87.14732361,106.3195877,106.3195877,1271.866333,1148.894043,1098.206665,1348.709961,1155.529785,23.88032532,24.1819706,24.48637581,24.47814369,24.57928276,23.3915062,23.63839531,24.73560715,24.79384995,24.24407768,23.46018219,23.55902863,26.61132813,182.3229065,245.6214294,443.1200256,714.272644,989.3949585,296.3791199,434.2361755,633.0221558,907.9716797,1279.213013,15.96145439,23.38572693,34.09131622,48.89868164,68.89183044,9.354865074,9.122512817,9.866171837,10.14752579,10.14752579
ZZ201500000162,ZZGE61FL,ZZ,2015,162,ZZ2015DHS,7822.708496,11900.42969,15117.03906,21616.58398,26887.94141,39.51579285,33.74592209,43.39163208,46.0664444,50.69565964,36.34414291,33.48749924,33.76993179,33.38742065,32.80922318,11.84309959,11.54754066,11.78344917,10.6979599,10.44185448,1,920.7421875,0.303343564,0.332190633,0.356624484,0.358713388,0.372751951,0.002228009,0.009246239,0.003787616,0.00490162,0.00233941,31.29967499,12,2.58430028,0.022216164,0.016710201,0.596892297,0.718779683,0.210573047,27.45791054,26.33308411,26.60480881,26.18749428,26.16740608,0.010495497,28.75858498,2.529626131,0.313430876,0.030757649,0.285105556,0.122989014,0.200103387,0.176523611,0.127596617,0.233931527,0.071893804,0.135415465,0.114283755,0.080110274,25.50714684,26.11299133,25.69020462,24.73506927,24.32390022,19.56427956,20.3178978,19.77462387,19.35685921,19.07761955,13.66404819,14.56545162,13.9067564,14.03710938,13.88204575,0,18.57168007,19.17866898,19.43968773,18.98756981,19.52558899,2.898177147,3.105743647,3.069415569,2.882479906,2.831264496,114.5237732,104.8061829,133.1869507,132.785614,143.5328217,872.4453735,848.8061523,958.9870605,1033.599365,972.1966553,22.43510628,22.36741257,22.45443726,22.43308067,22.52760506,22.19876289,22.35883331,23.11254311,23.38933754,22.99382973,22.51250076,22.5335865,3.041992188,1197.789551,2227.089844,2826.011963,4189.270508,4941.574219,2805.408936,3178.782959,3583.769775,3975.390625,4331.483887,130.56633,147.9434967,166.7919617,185.0183563,201.5912781,14.7953167,14.19594765,16.47272873,15.96840668,16.90778923
ZZ201500000163,ZZGE61FL,ZZ,2015,163,ZZ2015DHS,13.23708534,18.96428108,20.73993874,25.60275459,29.40232849,38.44123077,33.57266998,46.85454178,45.28894424,45.68980408,26.35249901,26.190382,26.78048706,26.7788887,26.98121262,11.80855083,11.352561,11.70711803,10.31597233,10.52222252,NA,548.1171875,0.461647898,0.478454679,0.488636076,0.485918224,0.488000661,0,0,0,0,0,9.037347794,15,0,0.026766671,0.017943757,0.17200312,0.352149874,0.437770307,22.77087593,23.21965027,23.79196167,23.87984848,24.07517052,0.000150621,0.316924393,0.022656772,0.043310154,0.001183972,0.560063183,0.567441583,0.550666153,0.490182251,0.450142562,0.742289722,0.805524409,0.681722581,0.559083104,0.541057765,31.09782982,31.55134583,31.46063423,30.22938538,29.98754311,25.16961861,25.85221481,25.58259583,25.04283905,24.69878578,19.28927994,20.19878578,19.75351524,19.91341209,19.46532249,0,19.18925095,20.24891663,20.80343819,20.98080635,21.16912842,3.019097328,3.051692724,3.026562452,2.949435711,2.924479246,116.0578079,102.453476,141.8082123,133.576828,133.6188812,1921.706421,1952.832642,1963.060181,1819.539917,1894.617188,24.41687393,24.59234238,24.70365143,24.76900482,24.58592796,23.98421669,23.44909096,23.53502655,23.82427788,24.07905769,23.84697723,24.08351135,1327.564453,2.953169107,3.520655155,4.274290085,4.521472454,4.923197746,92.68134308,107.0307693,122.9814072,139.0371246,154.3971405,4.307974815,4.974958897,5.716369629,6.462664604,7.176622391,11.8320179,11.01290798,12.66560268,12.5460062,12.54844189
ZZ201500000164,ZZGE61FL,ZZ,2015,164,ZZ2015DHS,312.5340576,395.1026611,437.069397,484.4022827,537.305542,39.33007813,33.8740921,34.29228592,42.69338989,43.77593613,26.00628853,26.48916626,26.86309052,26.59725761,26.69485664,11.7879343,11.46102428,11.7176218,10.56449699,10.60668468,NA,570.0927734,0.495125592,0.513400137,0.530298233,0.523417175,0.535244763,0,0,0,0,0,21.10002518,12,0,0.02936212,0.031719029,0.256622732,0.437057167,0.544730902,22.93892097,23.60317612,23.88314247,23.69696236,24.11347008,0.003896637,15.67944622,0.820322335,0.530381501,0.011474734,0.435849786,0.385642439,0.374920368,0.409501582,0.262657076,0.448679537,0.357003719,0.354495674,0.387067884,0.228198543,30.55164909,31.06323814,30.82026863,29.91167641,29.44613838,24.63146782,25.31336975,24.93615532,24.60325623,24.11111069,18.76371574,19.60221481,19.10264778,19.34717941,18.83945274,0,19.87155342,20.71718788,20.90319443,20.79666901,21.53208351,3.046831608,3.254861116,3.283637285,3.003428936,2.93441844,119.8321152,110.2554703,112.6034317,128.2265625,128.4569092,1570.311401,1449.72876,1453.43689,1500.018677,1429.975708,24.30651474,24.66420174,24.90832901,24.75027275,24.86188316,24.14252853,23.66109467,24.17232895,24.36542892,24.33847809,24.34865379,24.25006866,345.2451172,69.6494751,72.94360352,86.39287567,89.00386047,93.72373962,328.350708,381.2789917,440.5166626,500.7745667,559.1641846,15.29247856,17.75753975,20.51645279,23.32287979,26.04229546,11.24716568,10.63862801,12.2907896,11.96354198,11.972682
ZZ201500000165,ZZGE61FL,ZZ,2015,165,ZZ2015DHS,139.8993225,135.4752655,136.0319519,200.6002808,297.8888245,42.11995316,34.72418213,45.85957718,47.31464767,47.77121735,26.35584641,26.37127304,27.09946823,26.6602211,27.18788147,11.81060505,11.21893787,11.66060448,10.41893864,10.41893864,NA,531.6513672,0.522701144,0.555280209,0.548565447,0.541326165,0.551206887,0,0,0,0,0,20.10672379,15,0,0.045950692,0.035781294,0.279093564,0.513293087,0.548974276,22.93909836,23.19067192,24.11766243,23.54911613,24.04708099,0.002274909,0.418155909,0.029725667,0.055961818,0.001406093,0.561453938,0.567584991,0.564567864,0.499109596,0.446398884,0.776260138,0.868889034,0.749039114,0.562293828,0.520544648,31.16646385,31.5007534,31.50175095,30.39117432,30.09340286,25.23531532,25.86866379,25.647686,25.16072083,24.86294937,19.35585976,20.28181458,19.84114647,19.97223663,19.67446518,0,19.52235031,20.01006889,21.13585663,20.43801308,20.90627861,2.961197853,3.005193949,2.998611212,2.90639472,2.878617048,124.725502,104.3529053,137.5150452,137.5150452,137.5150452,1897.958496,1888.611938,1873.956421,1779.949463,1800.196777,24.51640701,24.68673325,24.74246025,24.90201378,24.70771408,24.14578247,23.51423454,23.62270546,23.91726303,24.1969738,23.94486046,24.17590904,155.0019531,32.54943085,25.15052795,30.13895035,35.42621231,49.87923431,92.67972565,107.0289001,122.9792633,139.0346985,154.3944397,4.307974339,4.97495842,5.716369152,6.462664127,7.176621437,11.76502895,10.83365154,12.39583302,12.39583302,12.39583302
ZZ201500000166,ZZGE61FL,ZZ,2015,166,ZZ2015DHS,1137.963257,1257.129517,1598.611206,2369.328857,2787.217285,46.30881119,45.35546875,45.82675171,46.7013855,46.55774689,27.01424217,26.91125107,27.50093842,27.35175896,28.17634964,10.18560505,10.18560505,10.18560505,10.18560505,10.18560505,NA,437.8613281,0.52322793,0.564752281,0.570717514,0.572236478,0.563944817,0,0,0,0,0,31.13127899,15,0,0.045724049,0.038444918,0.310629904,0.548316836,0.59397465,23.1252079,23.2601223,24.16433144,23.61458969,24.47370911,0.002312805,0.439620823,0.017205641,0.047030695,0.001442773,0.562823832,0.568854034,0.566553831,0.532128036,0.481215328,0.795467794,0.930949926,0.797278702,0.648812115,0.596292138,30.69780159,31.3487854,31.20222855,30.63684845,30.57277298,25.58399963,26.23498344,26.08842659,25.52304649,25.45897102,20.51219559,21.1631813,21.01662445,20.45124435,20.38716698,0,19.23617363,19.60899353,20.82772636,19.87741852,20.77107048,3.068417311,3.133753061,3.102445126,3.043417215,3.052806854,142.0947571,142.132843,142.1749878,142.1318054,142.1318054,1567.666504,1614.840698,1481.025391,1475.033081,1376.149414,24.80615616,25.14332962,25.14024353,25.28270912,24.94782829,24.47226334,23.75463104,23.79904938,24.09240723,24.47577477,24.31006622,24.41657829,64.08300781,211.1501007,233.381897,284.6635742,418.4259033,466.6984863,142.7974243,164.9060822,189.4817963,214.2194061,237.8851166,6.638039112,7.665775299,8.808195114,9.958140373,11.0582571,12.06231594,12.06393528,12.0659256,12.06385994,12.06385994
ZZ201500000167,ZZGE61FL,ZZ,2015,167,ZZ2015DHS,957.1147461,1593.2323,1850.348633,2581.135742,3632.01709,37.95560455,32.34396362,39.90312958,41.204216,47.31333542,24.98477173,24.90482521,25.00652885,25.15093803,25.47896385,12.07851601,11.76467037,12.01289082,10.89322948,10.75659752,1,1162.636719,0.485974073,0.484905571,0.487097412,0.467937291,0.490106285,0.001128472,0.00468316,0.001918403,0.002482639,0.001184896,29.57769012,12,0,0.025277395,0.019817943,0.342801094,0.663080275,0.333594471,20.47353363,20.85929108,21.10401154,21.07266426,21.30260468,0.005576608,8.283463478,0.908344686,1.275412679,0.019851156,0.457806915,0.46465078,0.412126243,0.245237812,0.226439729,0.474681795,0.456761539,0.391043067,0.189046249,0.184886605,27.46037292,28.05525208,27.61050415,26.58437538,26.18172836,21.3955307,22.14869881,21.57621574,21.10972214,20.77825546,15.38185787,16.29058266,15.59761333,15.6911459,15.42513084,0,15.96229172,16.81375694,17.20149422,16.9943943,17.1262455,2.998481035,3.207986116,3.171354294,2.960156202,2.88754344,113.8091583,103.7589874,126.5469666,121.9709244,136.6193085,1935.317139,1888.755005,1993.151001,2220.614746,1909.314575,20.91309357,21.03720856,21.24502945,21.44224167,21.3226223,20.51339149,19.87841988,20.52254677,20.77568054,20.43561745,20.54768181,20.61425781,52.328125,190.4889526,298.1632996,423.1133423,500.2213135,667.5067139,620.5502319,703.1397705,792.7219238,879.3475952,958.114624,28.8842392,32.72846603,36.89817047,40.93026733,44.59656906,13.85226536,13.23720932,15.39173603,14.72343731,15.51388836
ZZ201500000168,ZZGE61FL,ZZ,2015,168,ZZ2015DHS,1820.895386,2506.563232,3416.920166,2587.011475,3430.427002,47.30763626,39.44569778,51.09894943,51.44042587,59.17216873,25.74435616,24.63142395,24.77854156,24.28416634,23.51611328,11.18025208,10.87369823,11.12187576,10.02122402,9.809331894,1,2141.089844,0.32346344,0.372584194,0.373305917,0.36660102,0.381512493,0.001996528,0.00828559,0.003394097,0.004392361,0.002096354,17.78829193,13,0,0.009767729,0.004437097,0.306549132,0.521419466,0.13034834,18.72866249,18.53989601,18.53687477,17.0547905,18.11958313,0.14101319,42.39066696,2.458783865,3.374417543,0.059225142,0,0,0,0,0,0,0,0,0,0,23.97960091,24.57942772,24.14587784,23.07673645,22.71371651,18.36948967,19.11731911,18.55911446,18.04088593,17.79370689,12.79934883,13.70572948,13.02400208,13.05551243,12.90438366,0,11.71296978,12.44836807,12.29520798,9.825416565,12.72305298,2.703038216,2.912109375,2.877517462,2.673567772,2.65151906,127.8743515,114.8701859,147.0381012,137.52948,156.8961334,1346.045166,1280.378296,1363.979248,1588.87146,1369.515381,16.20483971,16.20378113,16.24650764,16.2211895,16.19966507,15.79171753,15.86159801,16.6130619,16.86980438,16.4618721,16.06477165,16.11032867,31.46777344,343.8559265,469.0874023,691.4360962,501.3599854,630.4576416,4662.470215,5283.001953,5956.073242,6606.930176,7198.741699,216.9799652,245.8580017,277.1810913,307.4703674,335.0118408,14.99055958,14.32415295,16.77483559,15.95517731,16.98760414
ZZ201500000169,ZZGE61FL,ZZ,2015,169,ZZ2015DHS,6956.029785,7476.578613,7401.67627,10027.66895,11420.25781,36.04073334,31.13887978,36.49734879,39.12659454,43.98088455,26.84064484,26.82569504,26.92139053,27.1351738,27.350214,12.13689232,11.84470558,12.06801224,10.94188404,10.84309959,1,638.5683594,0.508514225,0.520777762,0.53747642,0.497001916,0.518490136,0,0,0,0,0,33.78092957,12,0,0.032673288,0.033223473,0.359702408,0.659559429,0.459079742,22.40782166,22.99358559,23.25382423,23.30127716,23.2964592,0.006937808,12.09683895,1.271336675,0.704008579,0.017553553,0.496895015,0.497697026,0.457148373,0.341658592,0.269816041,0.569265544,0.532955885,0.467428923,0.306183368,0.24509488,28.47786522,29.09752655,28.64804649,27.66302109,27.221138,22.39305496,23.14752769,22.58815193,22.16753578,21.76744843,16.3409729,17.25282288,16.58003616,16.721138,16.37803841,0,17.97500038,19.16147804,19.58625984,19.46738052,19.2427063,3.084461927,3.304253578,3.276128531,3.058159828,2.971918344,111.166275,102.8907547,119.570015,119.6553802,130.7075958,1923.566406,1851.462524,1938.753418,2215.519775,1920.10437,23.80011749,23.83692169,23.88936996,23.83478737,23.83795738,23.23886681,22.95126534,23.6327877,23.96460342,23.86618614,23.58424568,23.71045685,89.0234375,1241.424438,1399.194214,1445.630493,1943.35144,2098.86084,620.3754272,702.9417114,792.4987183,879.0999756,957.8447876,28.88423729,32.72846222,36.89817429,40.93026733,44.59656906,13.20728302,12.65612411,14.62824154,14.08815098,14.66503429
ZZ201500000170,ZZGE61FL,ZZ,2015,170,ZZ2015DHS,55.17950058,59.96788025,64.10177612,98.14060211,135.4019775,28.15876007,26.34092712,26.82232666,31.82614136,34.43280411,28.44428062,27.63138962,28.3256588,27.7393055,28.02235794,12.28940964,11.97183228,12.21085072,11.09943581,10.94856834,1,830.6162109,0.450724274,0.465919971,0.466331244,0.467358142,0.475197822,0,0,0,0,0,17.84105873,11,0,0.03127607,0.034615844,0.24933438,0.456898719,0.457191378,23.24774742,23.68258858,24.00213432,23.76612854,23.95177078,0.00328297,5.309641838,0.448917925,0.478866696,0.008677982,0.517404199,0.543849528,0.498611957,0.417109668,0.309902728,0.59252739,0.648876727,0.53652662,0.412469536,0.292750359,30.24782944,30.96779633,30.44318581,29.48698044,28.955513,24.08624077,24.95442772,24.30876732,23.9115448,23.45729256,17.95842171,18.99596405,18.23233604,18.38754463,18.00694466,0,18.05121231,19.73378754,19.67861176,19.79295158,19.88118362,3.382074833,3.655295134,3.589756966,3.380685806,3.23129344,95.23503113,96.28385925,96.2856369,107.5941849,111.2624969,1376.543945,1291.899292,1301.501709,1717.377197,1403.404419,23.37183762,23.58434486,23.66919708,23.65366554,23.8235321,22.90311623,22.8277092,23.71429443,24.1676178,23.86180687,23.22064209,23.20693779,311.3544922,10.24198151,11.0712328,11.94667435,18.03231049,23.61855316,285.1004944,331.0570984,382.4920044,434.8127747,485.511322,13.29174137,15.43429661,17.83225632,20.27151489,22.63514519,11.22703552,11.04805183,12.32843685,12.26683998,12.45093346
ZZ201500000171,ZZGE61FL,ZZ,2015,171,ZZ2015DHS,61.88689423,74.1228714,97.09249878,106.9586487,116.0272522,34.72518158,30.93815804,33.10018158,38.56102753,40.23365021,26.14439392,25.94083214,26.26354218,25.9242363,26.26441383,12.19622421,11.90507793,12.12135506,10.99231815,11.00321198,NA,624.7666016,0.499087095,0.474710584,0.498964399,0.483026028,0.506643772,0,0,0,0,0,14,11,0,0.025402116,0.03286409,0.255229592,0.438014984,0.498995274,22.88345718,23.07937431,23.49074554,23.23934555,23.45225525,0.005985751,12.84792614,0.80965662,0.374373376,0.010575648,0.443281233,0.387504637,0.379112422,0.405794114,0.256472409,0.468749315,0.356758535,0.35698241,0.387227684,0.228664055,30.31293488,30.98745728,30.54978371,29.60529518,29.10230064,24.18958473,25.00438309,24.46775246,24.08676147,23.578125,18.11671066,19.08237839,18.42842865,18.61297798,18.09908867,0,19.62251854,20.21791649,20.71795082,20.5544529,20.64009666,3.155816078,3.395486116,3.393142462,3.123914957,3.045529604,109.5862885,105.050087,112.3136292,120.4613724,122.5327682,1681.602661,1591.497803,1474.519897,1549.644043,1399.761475,23.98306656,24.22701073,24.39711189,24.33657455,24.31088066,23.64520073,23.34656715,24.00035858,24.29668236,24.02176285,23.89471054,23.85950279,514.5292969,12.27317905,13.84456444,20.28383255,20.54779243,21.14083862,212.8750916,242.2237701,274.2587891,305.5644531,334.4265747,9.917182922,11.28444576,12.77685642,14.23528957,15.57988548,11.42722225,11.03881931,12.55752182,12.31909657,12.41137123
ZZ201500000172,ZZGE61FL,ZZ,2015,172,ZZ2015DHS,40.51564789,55.03344727,61.64898682,66.16806793,81.07094574,37.25960159,33.08190918,36.63988495,40.95339584,45.80834198,22.87507629,23.37333298,23.5263195,23.3280201,23.42923546,11.94965267,11.65933132,11.89270782,10.75829029,10.63194466,1,1375.875,0.414645791,0.402254015,0.434279144,0.433675498,0.432081401,0,0,0,0,0,15,12,0,0.011884371,0.013425271,0.162099257,0.365963757,0.260723382,19.12823868,19.64619827,19.98409843,19.87497902,19.86782837,0.004937314,7.664787292,0.531465709,0.383615732,0.001272055,0.490232885,0.515611947,0.471732944,0.373419553,0.284537703,0.535459995,0.556357086,0.47613582,0.349709272,0.262777567,27.23993111,27.95525169,27.43441963,26.45872498,25.97217941,21.24283981,22.09600639,21.46011353,21.05407906,20.63081551,15.29027843,16.29592133,15.54171085,15.70043373,15.34023476,0,15.38140106,15.91906261,16.44187546,16.42193794,16.30642319,3.032161474,3.274739742,3.224175453,3.028732777,2.917708397,112.9771347,108.3346405,118.1334229,124.0368958,133.6553802,2034.769775,1849.334839,1859.460205,2292.356934,1998.916748,19.88677979,20.02713203,20.10011673,20.29430389,20.24375534,19.53863335,19.18365288,19.7822361,20.20800591,19.78925323,19.66556358,19.66313934,797.8154297,7.459184647,10.29916,12.01803493,12.82329941,14.89954472,202.3732605,229.3072815,258.521759,286.7720337,312.4594421,9.427021027,10.68167019,12.04254913,13.35851288,14.55509281,13.29385853,12.88786411,14.70105457,14.31844616,14.81168842
ZZ201500000173,ZZGE61FL,ZZ,2015,173,ZZ2015DHS,64.14415741,131.3822632,139.9549255,157.456131,180.764328,37.54969025,33.22848511,36.65756607,41.64004898,43.27524185,24.78047943,25.25279999,25.85312462,25.28903961,25.73648071,11.85852146,11.54958057,11.792202,10.65474606,10.71620369,NA,841.2373047,0.510003269,0.526706219,0.544414639,0.499133885,0.532313585,0,0,0,0,0,22.29278564,12,0,0.024064586,0.025587261,0.229102835,0.396899283,0.473899901,22.18375015,22.60503387,23.10612869,23.00200462,23.25914764,0.005377318,11.54709148,0.716281474,0.428710312,0.008042053,0.349840909,0.219677806,0.25022921,0.337103456,0.205829427,0.328767747,0.16218999,0.206799909,0.30044207,0.168719873,30.17871857,30.73256683,30.44137764,29.48333359,29.02271461,24.23180008,24.93178558,24.52293205,24.12644768,23.63433266,18.32019615,19.18298721,18.64917564,18.82858849,18.30651093,0,19.58702278,19.95726776,20.35913086,20.71497154,20.78181648,3.056495905,3.260865211,3.290075302,3.015871048,2.93388319,114.7704697,108.3536072,120.6061478,125.5810165,126.9645004,1744.068726,1592.208618,1598.993164,1690.701416,1529.786255,23.241539,23.43529892,23.65401649,23.52119255,23.63868141,22.91628075,22.59944725,23.1701622,23.37908936,23.22659683,23.13966179,23.09811974,457.6435547,14.85901451,24.2557106,31.94483566,28.93091774,31.53123856,328.39505,381.3305054,440.5761719,500.8422241,559.2396851,15.29247761,17.75753975,20.51645088,23.32287979,26.04229355,11.51612949,11.08582592,12.82473755,12.3942852,12.45472431
ZZ201500000174,ZZGE61FL,ZZ,2015,174,ZZ2015DHS,1003.837891,1043.419189,1549.802734,1134.621948,1235.484741,46.45996094,38.99629211,49.75337982,50.33993912,58.04817963,24.49877548,23.45807838,24.02170181,23.39292908,23.71335793,11.28763103,10.97803879,11.227561,10.11973381,9.930208206,1,1564.541138,0.383141667,0.401678413,0.423613757,0.400362492,0.423642337,0.003848379,0.015970776,0.006542245,0.008466435,0.004040799,26.95429993,13,0,0.01539928,0.009785194,0.363842964,0.60629189,0.199847966,18.59663391,18.26796913,18.7774086,17.42523766,18.59243774,0.030277524,15.72607613,1.578331709,0.777508616,0.020069351,0.348296136,0.252197534,0.271293044,0.185252413,0.157954991,0.307171285,0.190706894,0.21230863,0.123994164,0.108556278,24.33019447,24.92848587,24.49563217,23.43530083,23.06462669,18.66598701,19.41484451,18.85503578,18.34884262,18.08129311,13.04256344,13.95044899,13.26807022,13.31556702,13.13441849,0,12.6944952,13.07785892,13.53311348,11.45754623,13.47151756,2.727850199,2.937384367,2.900173664,2.697829962,2.669574738,126.7358093,114.5470963,144.2934265,135.8085938,154.9639587,1566.24231,1461.102661,1455.137573,1618.01123,1407.317627,18.15829277,18.16945839,18.2877121,18.3574028,18.38967323,17.8959465,17.65497971,18.27860832,18.56533623,18.28362083,17.92624855,17.98542404,87.05859375,171.8539734,195.2692566,263.3172913,219.8884888,227.0623474,620.6201782,703.2189941,792.8112793,879.4467163,958.2225952,28.88423729,32.72846222,36.89817047,40.93026352,44.59656525,14.86480522,14.21160412,16.59222221,15.80943298,16.80476761
ZZ201500000175,ZZGE61FL,ZZ,2015,175,ZZ2015DHS,64067.33594,92690.375,94915.5625,128516.0547,170477.0313,39.0871315,33.42948532,45.91462708,56.65288162,50.5115242,27.28728676,27.07325363,27.46141243,26.90864563,27.48309898,12.11895275,11.8676939,12.06610298,11.04283905,10.82832813,NA,1585.109375,0.295554042,0.28390196,0.27675882,0.253694981,0.240224361,0,0,0,0,0,45.87561798,14,0,0.017017448,0.011076554,0.347214669,0.249978736,0.516116321,20.56414795,20.94138908,21.33882523,20.86732674,21.3887043,5.047039509,288.3951721,92.30397797,12.24691582,3.661635876,0.273644745,0.092704974,0.159153074,0.091314137,0.12024495,0.224961683,0.050545398,0.097149707,0.049369134,0.075603791,24.66906929,25.38315964,24.93495369,23.81773758,23.57552147,18.58323288,19.42816734,18.87225151,18.28350639,18.13781929,12.55011559,13.51546574,12.86885166,12.77489948,12.74719334,0.452482015,13.84101009,14.80952549,15.21623898,14.82600689,15.29430962,2.736299276,2.949768543,2.896368742,2.678645849,2.681221008,106.9540939,98.60925293,132.9856873,151.753006,135.4325562,863.5057983,806.394104,1151.461182,1078.405273,979.3014526,18.92266273,18.84386635,18.74846268,18.64534378,18.54371834,18.30528259,18.73204803,19.0196476,18.55339622,18.71892738,18.16696548,18.32405472,1.266601563,14707.3291,18511.39648,19803.12305,22920.94727,28836.08203,27884.71484,32868.92969,38549.55859,44485.01953,50422.60547,1296.658203,1528.427612,1792.580688,2068.58374,2344.685303,14.7221899,14.08559418,16.81920815,16.52580643,16.64182472
ZZ201500000176,ZZGE61FL,ZZ,2015,176,ZZ2015DHS,1067.821533,1389.790649,2213.020508,3626.424805,5293.428223,27.71304893,26.18337631,23.8125515,31.39242363,32.08274841,29.70448112,29.28071785,29.78462982,28.63961792,28.7785244,13.00947666,12.66121292,12.95428276,11.95458603,11.81744766,4,558.7792969,0.34322992,0.37508744,0.359568626,0.362531543,0.377574027,0,0,0,0,0,38.62169266,10,0,0.04340975,0.034440883,0.274242401,0.563297331,0.571214974,24.60663033,24.86725044,25.32784843,24.52458191,24.96184921,0.008793421,0.726588368,0.027987598,0.036452614,0.004577415,0.527717948,0.562294185,0.553735018,0.518420219,0.375275105,0.640733123,0.73200959,0.698853791,0.574644446,0.382548362,31.80487633,32.51927185,31.9823513,31.2086525,30.58715248,25.27391434,26.16294861,25.48020744,25.20761108,24.64891624,18.79540062,19.85805893,19.02806854,19.25406647,18.76970482,0,19.50877762,20.45378304,20.87106514,20.40954781,21.14517403,3.430960655,3.695500612,3.659722328,3.386791229,3.313917875,95.0823822,96.76068115,87.14732361,106.3195877,106.3195877,1271.866333,1148.894043,1098.206665,1348.709961,1155.529785,23.88032532,24.1819706,24.48637581,24.47814369,24.57928276,23.3915062,23.63839531,24.73560715,24.79384995,24.24407768,23.46018219,23.55902863,26.61132813,182.3229065,245.6214294,443.1200256,714.272644,989.3949585,296.3791199,434.2361755,633.0221558,907.9716797,1279.213013,15.96145439,23.38572693,34.09131622,48.89868164,68.89183044,9.354865074,9.122512817,9.866171837,10.14752579,10.14752579
ZZ201500000177,ZZGE61FL,ZZ,2015,177,ZZ2015DHS,27890.85352,23371.57031,35792.80078,27759.92773,31760.29883,28.34606743,24.66062164,34.85505295,38.00785446,34.05356216,29.16039276,29.58010483,28.94200134,30.41273117,29.66892433,12.53274059,12.25846291,12.47787952,11.52269936,11.42892075,NA,1114.931641,0.417682916,0.433559805,0.468553424,0.388269544,0.420876354,0,0,0,0,0,30.55087662,15,0,0.027101684,0.015933655,0.203051403,0.726372242,0.660916567,23.00123787,23.98140144,23.61209488,24.57588005,24.16341782,0.260097802,156.852829,16.37417793,41.87247467,8.647204399,0.464982837,0.309121996,0.23232995,0.128008708,0.192018852,0.424233288,0.245877594,0.16580686,0.073261559,0.138042271,27.35970688,28.00040436,27.8836956,26.85646629,26.50765419,21.07223701,21.84415627,21.61307907,21.07369804,20.76844597,14.82696819,15.74194241,15.40581608,15.33376789,15.07873249,0.083113551,16.84208298,18.38269615,18.28218651,18.73902702,18.6579113,3.007248402,3.232566595,3.190075159,2.868605375,2.961559534,85.2436676,79.71710205,111.1902313,109.0295334,100.8516464,918.980896,880.8344116,1158.522827,1078.25647,1049.095093,22.32513428,22.75327492,22.52147484,22.35362053,22.24591446,21.96990204,21.81644821,22.18148422,22.20954514,21.90358353,21.73593712,21.74669075,14.03710938,4275.841797,4590.067383,5206.006348,5066.585449,5536.914063,19676.62695,22673.23242,26023.21875,29580.48633,33344.63281,914.5988159,1053.885498,1209.5979,1374.944946,1549.908081,14.8288002,14.01485157,16.19182205,16.10180855,16.16311073
ZZ201500000178,ZZGE61FL,ZZ,2015,178,ZZ2015DHS,7884.67627,7320.103516,10750.07031,15079.34375,18423.56641,45.09072495,37.52700424,51.36246109,55.63066101,57.0918541,24.9682579,24.34379578,24.47289276,23.8556366,24.2332592,11.57970238,11.31105328,11.53434563,10.47427654,10.24687481,NA,1530.78125,0.269491225,0.297338247,0.303113073,0.279536694,0.2845608,0,0,0,0,0,NA,13,0,0.012935205,0.008490986,0.343168885,0.586321115,0.302076995,19.98851013,19.86639404,20.18302155,19.19983673,20.2210083,0.043257333,28.58127594,1.790449619,1.274953365,0.030191923,0,0,0,0,0,0,0,0,0,0,23.88606834,24.5656395,24.09699059,23.02476883,22.73174286,18.07669258,18.88113403,18.30513763,17.76441002,17.58123589,12.30636597,13.25458622,12.56264496,12.55049229,12.4848671,0,15.00876236,15.38899326,15.89314842,14.54403973,16.20875549,2.696440935,2.893127918,2.851779461,2.64761281,2.642433405,121.5844803,108.5704193,146.474411,147.2884674,150.8614197,1125.258911,1148.111938,1343.161987,1334.373779,1257.714478,18.26885605,18.20444679,18.14141655,18.18365479,18.1154232,17.73865318,17.80382919,18.27581215,18.28684425,18.08859634,18.05752563,17.94581795,6.895507813,1270.626465,1369.910889,1865.239136,2922.360596,3385.957031,7084.092285,8026.919922,9049.574219,10038.47754,10937.66797,484.6486816,549.1509399,619.114502,686.7689819,748.2858887,14.56911564,13.9377594,16.5463562,15.92548275,16.49973488
ZZ201500000179,ZZGE61FL,ZZ,2015,179,ZZ2015DHS,6910.136719,11710.98438,8849.400391,14568.91211,16311.95508,41.56458664,34.96994019,46.14513779,48.87817383,52.9108429,30.99212074,29.99277687,30.12020683,29.56593704,29.83576775,11.68802166,11.39092922,11.63120651,10.54904556,10.30572891,1,1232.814331,0.362310022,0.389825672,0.423717529,0.409447938,0.410834163,0,0,0,0,0,29.17123413,13,2.11015296,0.025212314,0.019418677,0.807414651,0.749225438,0.107593395,24.00876808,23.8337326,24.33442688,23.85515594,24.10178947,55.79359818,29.05285835,87.80891418,2.686759233,2.686255455,0.194918737,0.056482136,0.091262743,0.075002156,0.070695408,0.141135722,0.029536691,0.05056823,0.040916521,0.040749338,25.16575432,25.78572083,25.33684921,24.34192848,23.95776939,19.29956627,20.06640625,19.49787331,19.04110336,18.78224945,13.47773457,14.3947916,13.7056427,13.79288197,13.65204048,0.003106115,17.02541733,17.67468643,18.54864502,18.14437485,18.3678112,2.837369919,3.040755272,3.002951384,2.808463573,2.769487858,117.9341202,106.3350296,138.5716095,137.2725677,146.5359344,1096.315918,1061.148682,1221.898682,1392.32251,1263.459473,21.08204079,20.93588638,21.04254341,20.92959785,21.03954124,20.64990997,20.91440392,22.03591537,22.4278698,22.12847519,21.13920593,20.9779644,12.76464844,1604.635742,1889.772461,2122.44043,2308.894531,2436.669434,7538.330566,8351.905273,9290.429688,10069.97852,10670.81543,350.778656,388.6364746,432.3085327,468.5830078,496.5415649,14.67103291,14.03756428,16.40648079,15.84562874,16.69539833
ZZ201500000180,ZZGE61FL,ZZ,2015,180,ZZ2015DHS,46009.39063,63055.31641,72016.96875,99885.25,127573.6875,39.32666397,33.58863831,46.11097717,55.91464996,50.73704147,25.86268997,25.90451431,26.51590347,25.93062592,26.82992554,12.09644127,11.846138,12.04483509,11.01809883,10.81067753,NA,1527.116211,0.260984868,0.272704333,0.261956066,0.231427416,0.221228048,0,0,0,0,0,36.12659836,14,0,0.019064588,0.011362783,0.368954331,0.238242775,0.516945481,20.33615494,20.77880096,21.34135437,20.64668465,21.49124908,0.10314139,119.8540878,8.747488022,2.583854675,0.039670322,0.288576633,0.10376139,0.17459245,0.103602074,0.136009768,0.241821587,0.057956301,0.110430844,0.057434391,0.089249015,24.68706703,25.39878464,24.95000076,23.83237839,23.58559036,18.61289215,19.45394897,18.89869881,18.31024361,18.15651131,12.59062481,13.55264759,12.90516472,12.81427956,12.77491283,0.737227678,14.80962086,15.65309048,16.16680527,15.36274338,16.15257263,2.735980988,2.949305534,2.896050453,2.676909685,2.680468798,107.5970001,99.06315613,133.5397034,149.6784668,135.999054,919.5053711,859.526123,1199.130615,1130.213501,1050.466553,19.22193146,19.08675003,18.97631645,18.91866493,18.78931808,18.52789688,18.91205025,19.17372513,18.65094948,18.89467049,18.34213829,18.55681038,0.334960938,10301.76367,12590.76953,14608.57813,17818.58594,21583.29297,48160.99609,56769.46875,66580.75,76832.15625,87087.24219,2278.120605,2685.320068,3149.415283,3634.329102,4119.416992,14.69545937,14.05407524,16.81415367,16.42353249,16.59894943
ZZ201500000181,ZZGE61FL,ZZ,2015,181,ZZ2015DHS,148.8111725,260.3305054,367.7799072,571.8446655,708.3608398,29.00551224,27.11103249,27.23241425,32.76456833,34.76026535,26.62626266,26.5360527,26.80078697,26.54393578,26.66195679,12.43606758,12.10516548,12.35300922,11.23661804,11.13301563,1,802.0117798,0.459711611,0.46778062,0.476527721,0.466607034,0.493471593,0,0,0,0,0,22.66164207,10,0,0.035800293,0.034203548,0.251597285,0.447813183,0.49300009,22.93789101,23.28097725,23.59864616,23.48335075,23.46129608,0.004038265,8.837319374,0.614174187,0.579721093,0.007476403,0.521400392,0.54733932,0.512756944,0.465318233,0.329688579,0.612928391,0.671073914,0.594931126,0.48593381,0.323205501,30.41193581,31.17547798,30.59157944,29.6571331,29.10928917,24.1834507,25.09255028,24.394907,24.0138607,23.51490211,17.97586823,19.0703125,18.23857117,18.42051506,17.97627258,0,19.24951935,20.02590179,20.39650536,20.42276573,20.26063538,3.348423004,3.631698608,3.561762333,3.358362436,3.206698656,97.12272644,98.45910645,96.99538422,110.0353012,111.4656982,1372.409546,1334.275757,1264.198364,1691.704102,1432.133911,23.04204941,23.32406425,23.44766617,23.40029335,23.44357872,22.52113724,22.40040016,23.36292839,23.71261978,23.44882393,22.84796715,22.85202789,245.1269531,44.04449463,48.06205368,113.7111282,105.0704956,123.5613937,285.018158,330.9615173,382.3815613,434.6871948,485.3711243,13.29174137,15.43429661,17.83225632,20.27151489,22.63514519,10.73173141,10.58532429,11.82166862,11.77217865,11.83879948
ZZ201500000182,ZZGE61FL,ZZ,2015,182,ZZ2015DHS,32.46734619,42.65971756,54.82780838,60.36647415,68.74874115,40.82858276,33.57977676,43.76981354,46.44419861,47.1427002,25.81678009,26.54323006,26.96829796,26.61788177,27.27058792,11.83498287,11.26015663,11.69045162,10.43155384,10.45425415,NA,553.2958984,0.442492962,0.495860934,0.491031796,0.480518401,0.522527695,0,0,0,0,0,14.87053776,15,0,0.041095063,0.026981587,0.248116702,0.471350282,0.517137885,22.5071125,23.42477989,24.15546989,23.88162613,23.92194366,0.002553002,1.035214067,0.06474378,0.088242456,0.002049854,0.565040529,0.568815649,0.559280515,0.480848283,0.440555751,0.774643421,0.859744847,0.719267011,0.512409151,0.511098146,30.86636353,31.23546028,31.20473099,30.0884552,29.74383736,24.92387199,25.58437538,25.33741379,24.84383774,24.48776054,19.03138161,19.97530365,19.51428032,19.65690231,19.28958321,0,19.19744492,20.30633354,21.34263802,21.14537048,20.57329941,2.948524475,3.085633755,3.104383707,2.903732777,2.861111164,120.3840714,103.6148834,135.8782959,134.8615417,134.8805084,2001.602539,1934.706543,2004.602295,1933.748535,1960.151001,24.43034935,24.59825325,24.63363838,24.79784775,24.57107735,23.92546463,23.41914177,23.51057434,23.85283852,24.13677597,23.84856606,24.10311508,488.7900391,5.744489193,7.881876945,10.04327011,11.032897,11.92495251,142.6172333,165.454895,190.9868774,216.9151001,241.9886322,6.629381657,7.690961361,8.877783775,10.08302402,11.24853516,11.97021675,11.06154442,12.61623192,12.60173512,12.60279083
ZZ201500000183,ZZGE61FL,ZZ,2015,183,ZZ2015DHS,38.70251465,43.36126709,56.0110054,57.17288589,60.34077835,35.28102112,30.66047096,35.24168777,38.70830154,41.41517258,25.29727364,26.00875092,25.63083267,25.56416702,26.17937851,12.02447891,11.68398476,11.94414043,10.81171894,10.83697891,NA,676.8320313,0.48236078,0.477296889,0.484464586,0.484121889,0.50013864,0,0,0,0,0,19.02897644,12,0,0.023225809,0.022778019,0.239250004,0.441011369,0.448369861,22.5833416,23.03094292,23.30947876,22.93187141,23.22332191,0.00279183,9.359975815,0.668416917,0.294648021,0.003596613,0.47154516,0.43593052,0.42963323,0.440778226,0.28221947,0.516726494,0.429719657,0.431663215,0.436691314,0.260745376,30.40039063,30.91875076,30.61627579,29.64661407,29.20989609,24.36809921,25.04948044,24.62565231,24.2261734,23.76145935,18.37591171,19.23476601,18.6721344,18.83489609,18.37291718,0,19.86940956,20.05313683,20.98812485,20.2995739,20.26726532,3.124739647,3.334114552,3.353125095,3.083593845,3.001692772,110.2440109,102.2255249,118.1697922,119.3606796,124.3156281,2000.186157,1782.999023,1863.745483,1921.935181,1863.353271,23.56288147,23.61779976,23.76396179,23.73218155,23.71014786,23.06391716,22.8151474,23.4300251,23.62229156,23.4168129,23.32712173,23.43894958,639.7734375,7.634738922,8.114785194,11.46312523,11.08004284,11.08967018,202.4985657,229.4492645,258.6818237,286.949585,312.6529236,9.427021027,10.68167019,12.04254913,13.35851288,14.55509377,11.94707012,11.45081997,13.37403679,12.79205704,13.03032494
ZZ201500000184,ZZGE61FL,ZZ,2015,184,ZZ2015DHS,1614.227417,2482.370117,3871.645752,3393.554688,3872.283447,48.21093369,40.26397324,51.82037735,52.15983963,60.1878891,25.59882545,23.90459442,24.24430656,23.48819542,22.89883995,11.12521744,10.81779575,11.0665369,9.962442398,9.757986069,1,2029.289063,0.328604221,0.371946156,0.37968722,0.369145006,0.37713477,0.003327546,0.013809318,0.005656829,0.007320601,0.003493923,22.30070305,13,0,0.010608678,0.005476035,0.320447206,0.542819917,0.143694952,18.28303146,17.58625031,18.02415466,16.24247742,17.39896774,0.138719603,31.0341568,2.941713572,2.539904594,0.061822217,0.253775567,0.152511194,0.185462683,0.128407776,0.1083735,0.196719199,0.094424374,0.121243708,0.075230308,0.065694526,23.7599678,24.35843468,23.92844391,22.85613441,22.49405479,18.17787933,18.92404556,18.36857605,17.8495369,17.5989151,12.63475132,13.54063988,12.86190701,12.89369202,12.73606777,0.182312086,10.96723557,11.26790524,11.80400467,8.996759415,11.89909554,2.679673195,2.889467716,2.853993177,2.650781393,2.631467104,129.1895447,116.3414536,147.894989,138.264328,158.3824463,1454.953979,1371.522461,1399.227539,1566.084351,1330.912964,16.41757011,16.39434814,16.41121864,16.36989403,16.35356712,15.94209576,15.99651718,16.74969482,16.99705696,16.61813545,16.20321274,16.28328896,15.75390625,289.3707886,464.5598145,804.0029907,657.6672363,711.6638184,620.6428223,703.2446899,792.840271,879.4788818,958.2576294,28.88423729,32.72846603,36.89817429,40.93026733,44.59656906,15.04516983,14.38088322,16.82145882,16.00005722,17.03837967
ZZ201500000185,ZZGE61FL,ZZ,2015,185,ZZ2015DHS,12144.90137,14143.71875,12417.37598,20953.93359,22165.47461,36.26187897,31.32844543,36.76281738,39.38044739,44.37739944,26.58341026,26.88593674,26.93583298,27.2108326,27.50000572,12.13151073,11.83828163,12.06341171,10.93710995,10.83033848,1,647.25,0.497341514,0.505640626,0.522269785,0.490300536,0.506788909,0,0,0,0,0,36.88514328,12,0,0.034778509,0.035772443,0.371790498,0.676722705,0.467565507,22.35767174,23.05921745,23.24327278,23.29596138,23.2301712,0.00473636,9.508431435,1.313741326,0.436471522,0.020146638,0.466668278,0.465161085,0.41455406,0.298103303,0.23960495,0.506347716,0.472264826,0.405649126,0.251953363,0.208389997,28.31276131,28.92903709,28.48476601,27.49322891,27.05611992,22.22916794,22.98112106,22.42591095,22.00052071,21.60859489,16.18125153,17.09075546,16.42135429,16.55611992,16.22578049,0,18.1319313,19.23250008,19.55071068,19.38109016,18.96033478,3.07421875,3.294010401,3.265885592,3.047395945,2.962630272,111.4769516,103.196228,120.0631561,120.0078125,131.4738312,1899.064331,1830.938965,1923.625854,2157.193115,1872.535889,23.81781006,23.86486435,23.90418625,23.8520298,23.85503578,23.26411819,22.9875927,23.67068291,23.9868927,23.89770889,23.59509659,23.73093414,61.28027344,2419.662109,2646.907227,2652.819824,4060.849609,4073.659912,620.3754883,702.9417725,792.4987183,879.0999756,957.8447876,28.8842392,32.72846603,36.89817429,40.93026733,44.59656906,13.30559921,12.75160122,14.73795509,14.19257832,14.79302025
ZZ201500000186,ZZGE61FL,ZZ,2015,186,ZZ2015DHS,4077.499268,4277.761719,5972.675293,6258.905762,8239.165039,38.60838318,32.98832703,44.70664215,46.2927742,49.24520493,23.85251236,24.0672226,24.26932907,24.1974659,24.81959534,12.07583904,11.81893826,12.02434921,10.97122383,10.85535336,NA,1572.488159,0.529048502,0.537321568,0.56233269,0.561901152,0.545064747,0,0,0,0,0,29.31977272,15,0,0.015525158,0.011287947,0.243569285,0.27136898,0.469201148,18.89709091,19.4311161,19.46471214,19.36523056,20.13277245,0.034856178,47.10462189,3.522813559,4.513815403,0.072430879,0.38303259,0.266572058,0.295943886,0.189215302,0.228195742,0.364295274,0.213626161,0.243887812,0.130108476,0.187853038,25.80627823,26.50295067,26.05740738,24.9228878,24.64253426,19.74472046,20.56749153,20.0239296,19.41302109,19.18683434,13.73044014,14.68401337,14.03305912,13.95166397,13.78718185,0,13.9416666,14.79501152,14.66009521,14.53299713,15.44594955,2.788180113,3.008564949,2.952416182,2.678298712,2.724681854,107.6471252,99.24752808,131.9926147,123.985878,134.1775208,1518.64917,1481.294556,1777.651367,1691.088745,1542.834961,17.48326683,17.43632126,17.48919106,17.38348007,17.32450104,17.01872063,17.29292488,17.82187653,17.78839493,17.6730175,17.18562698,17.23394775,41.69140625,712.6330566,854.3210449,985.15979,1116.281128,1393.649414,3164.841064,3730.536133,4375.272461,5048.931641,5722.831543,147.1502075,173.4523773,203.4295807,234.7515564,266.0847473,14.31298256,13.6315403,16.72358704,15.28651905,15.99147224
ZZ201500000187,ZZGE61FL,ZZ,2015,187,ZZ2015DHS,2158.484375,2162.081787,2694.989746,2873.86499,3776.020264,46.29612732,38.19125366,50.87452698,50.21805954,57.66970825,22.87958336,21.68722153,22.92468834,22.04566002,21.46420479,11.45013046,11.15060806,11.39505196,10.30108547,10.11909771,1,2330.833008,0.404943585,0.46559009,0.457875192,0.46525538,0.47427398,0,0,0,0,0,21.29177666,13,0,0.009260805,0.003265559,0.19038406,0.478278279,0.160974294,15.94162846,16.31389618,16.59256935,15.49536419,16.36422157,0.196413115,50.00676346,2.528384924,3.313580513,0.118884362,0,0,0,0,0,0,0,0,0,0,24.51831627,25.1561203,24.68806458,23.61354256,23.26710129,18.77495766,19.55451584,18.96367264,18.44240379,18.18880272,13.06818581,14.00551224,13.29301262,13.31245708,13.14800358,0,9.003673553,10.94056797,10.26045132,8.945069313,11.2642374,2.737326384,2.93793416,2.896788359,2.689019203,2.670486212,126.7276077,112.203392,147.3727417,135.0373383,154.0061646,1620.740723,1551.970947,1646.633057,1715.651123,1476.476807,15.98352242,15.9433794,16.01434708,15.93495464,15.83245754,15.29199982,15.43929291,16.17710114,16.35793114,16.10167503,15.7853899,15.80989456,52.015625,412.3146973,404.6198425,551.3583374,556.9519043,693.972168,2983.712158,3380.816895,3811.543457,4228.054688,4606.779785,138.8217316,157.2976379,177.3378448,196.7166595,214.3374176,14.53813362,13.84974384,16.395998,15.42092037,16.36291122
ZZ201500000188,ZZGE61FL,ZZ,2015,188,ZZ2015DHS,311.4555969,198.4551849,334.9300537,328.4466858,401.2903748,34.89097214,30.61446571,34.61985779,38.09838104,42.1321373,25.40488625,25.12260437,25.47135353,25.59708405,25.73781586,12.13151073,11.83828163,12.06341171,10.93710899,10.85950565,1,737.7119141,0.489908546,0.484106243,0.505341172,0.484005213,0.497775555,0,0,0,0,0,28.04532051,11,0,0.02920261,0.02817384,0.292236865,0.535865128,0.448515862,21.76789856,22.43117332,22.90606117,22.44605255,23.07237434,0.007889071,8.921611786,0.722697139,0.317211032,0.007344819,0.520698547,0.541675866,0.510650694,0.439953059,0.313603729,0.623157024,0.612955213,0.561231732,0.435488194,0.303372383,28.98359299,29.65820313,29.14726639,28.19322968,27.70195389,22.90000153,23.7186203,23.09257889,22.70468712,22.25026131,16.85208321,17.81992149,17.08385468,17.25611877,16.84244919,0,18.13090897,19.73974419,20.34076691,19.29502296,20.40693283,3.132552147,3.364843845,3.32421875,3.118229151,3.008463621,109.2977905,103.0128937,115.0839844,118.7994766,126.7529984,1907.871582,1756.434082,1788.120972,2091.746338,1854.809814,23.53939438,23.67595482,23.71178436,23.69247627,23.64388847,22.99035454,22.70189476,23.42231941,23.7913723,23.64332962,23.37859535,23.43940735,242.8144531,38.15220261,37.13962555,45.39810944,63.65261078,73.75076294,202.4204254,229.360733,258.5820007,286.8388672,312.5322876,9.427021027,10.68167114,12.04254913,13.35851383,14.55509377,12.61809921,12.16576767,13.94128895,13.53841114,13.93968678
ZZ201500000189,ZZGE61FL,ZZ,2015,189,ZZ2015DHS,112.0865707,202.1114807,206.389267,239.8085938,281.9767761,31.01298332,28.3989563,29.25951385,34.96617889,36.7749176,28.69670486,28.37802124,28.53000069,28.53250122,28.65000153,12.45143223,12.15872478,12.36875057,11.25273418,11.20703125,NA,659.3808594,0.404571593,0.438247412,0.450736463,0.432918221,0.450382054,0,0,0,0,0,14,11,0,0.036931448,0.039384756,0.280731201,0.465790808,0.530312002,23.92247772,24.12380219,24.3517189,24.23531342,24.44198036,0.000939135,7.706434727,0.446262389,0.370469332,0.003221508,0.507879317,0.538083017,0.513569117,0.484748334,0.316153437,0.596080005,0.620250106,0.579370022,0.512058437,0.302773535,30.80611992,31.56341171,30.96119881,30.02643204,29.47473907,24.55729294,25.45768356,24.75208282,24.37734413,23.85546875,18.35468864,19.40468788,18.59244919,18.77369881,18.26770782,0,19.14825058,19.86958313,20.17343712,19.93812561,20.2339592,3.308984518,3.563671827,3.520182371,3.272656441,3.157421827,102.6214828,101.2045593,102.9988327,114.4322891,116.1139297,1472.438232,1412.750122,1306.499878,1552.687866,1318.044189,23.75299263,24.04082298,24.24917412,24.19433594,24.4034996,23.64640427,23.41869926,24.12770271,24.34117508,23.9989357,23.56113052,23.57273293,255.2910156,24.06552315,37.31369781,47.44983673,44.06232452,49.18601608,285.1480713,331.1123657,382.5558472,434.8853455,485.5923767,13.29174042,15.43429565,17.83225441,20.27151299,22.63514328,10.98868465,10.70458317,12.02851486,11.93059826,12.00872421
ZZ201500000190,ZZGE61FL,ZZ,2015,190,ZZ2015DHS,230.3752289,381.1635437,591.7077026,608.5796509,688.1580811,29.53562546,27.45296288,27.72546005,33.40031815,35.25081635,28.72878838,28.20451355,28.34743118,27.99482536,28.59461594,12.49084187,12.17035675,12.40902805,11.29388046,11.21085072,1,659.3193359,0.40348351,0.428843409,0.434058011,0.436749846,0.439481229,0,0,0,0,0,20.68475914,10,0,0.035797831,0.035568312,0.26301387,0.453961521,0.511674523,24.19856071,24.34054184,24.31881905,24.24660683,24.48083115,0.003021928,6.675697327,0.496223748,0.345302731,0.002458642,0.504818857,0.538061082,0.499539405,0.448247641,0.305312306,0.579213917,0.629376709,0.562546909,0.459589034,0.288523108,30.68650246,31.44935036,30.86085129,29.92834282,29.37578201,24.42673683,25.33598137,24.63402748,24.25685692,23.74609375,18.19565964,19.27899361,18.45182228,18.63446236,18.16493034,0,19.66833305,20.47657013,20.29020882,20.49838638,20.36704826,3.345963717,3.616623402,3.55820322,3.334809065,3.200651169,98.82513428,99.28702545,98.6528244,111.3836823,112.8255615,1334.667969,1285.228149,1180.64502,1589.14502,1340.699097,23.88547897,24.14343643,24.32277298,24.24886894,24.42148781,23.57501984,23.49344444,24.30639648,24.57045555,24.2711792,23.64956474,23.68548012,235.2841797,40.90843964,70.37017059,112.4345169,111.8201599,120.037384,285.0515442,331.0002747,382.4263306,434.7381287,485.428009,13.29174042,15.43429565,17.83225441,20.27151489,22.63514519,10.73568153,10.54236126,11.80820274,11.74084187,11.80813313
ZZ201500000191,ZZGE61FL,ZZ,2015,191,ZZ2015DHS,680.0671997,990.6309814,998.6398315,1396.437866,1828.226318,41.84363174,35.06954956,51.78207397,46.48429108,47.54253006,26.65178108,26.62884331,26.65189743,26.51106453,27.06051445,11.57381439,11.31105328,11.5212822,9.820775986,10.35842037,NA,580.2070313,0.480880857,0.509717226,0.49355489,0.52461499,0.525241494,0,0,0,0,0,19.25843048,15,0,0.032700036,0.035457619,0.278626114,0.48121655,0.581066549,23.15019608,23.48105621,23.72361946,23.75424957,23.99930382,0.005769818,10.51696014,0.876794577,0.390411824,0.011121958,0.5472157,0.553756773,0.531817615,0.447447985,0.382311583,0.710265756,0.732125342,0.656082153,0.466444999,0.407671392,30.35995483,30.86399078,30.65028954,29.41756439,29.22411728,24.54040718,25.19286728,24.86938667,24.48679161,24.02573776,18.78614044,19.55293655,19.12900734,19.59678841,18.86569786,0,19.64861107,20.33326912,20.79534149,20.99743462,20.93809319,2.924869776,3.113657475,3.154296875,2.86590004,2.815205574,122.3871689,109.1945648,163.3360291,133.2193298,133.8419952,2100.547363,2089.784668,2115.47168,2000.240723,2013.370605,24.05634117,24.17419434,24.31393814,24.45912552,24.22712898,23.57023048,23.16844749,23.46063995,23.78428459,23.8961277,23.74720192,23.81322289,147.3925781,140.3867188,182.889679,213.385788,256.5808716,318.9027405,138.6889496,161.0448303,186.0656738,211.5174408,236.1800842,6.449549675,7.489181042,8.652742386,9.836343765,10.98324871,11.92166519,11.32935143,13.03874683,12.63729763,12.66798306
ZZ201500000192,ZZGE61FL,ZZ,2015,192,ZZ2015DHS,293.4265137,424.6568298,388.8800964,471.39151,569.1013184,32.60556412,29.52448273,30.88142776,36.65193176,38.26944733,26.80749893,26.64815903,26.56385422,26.67350769,27.09343719,12.37816811,12.09053898,12.29678822,11.17686653,11.16054726,NA,909.6376343,0.511231422,0.488567531,0.507631421,0.481129348,0.521097064,0,0,0,0,0,15.05311108,11,0,0.027157655,0.034849867,0.248149902,0.407932758,0.484366566,23.2012291,23.38010406,23.50505257,23.56062508,23.86190796,0.005392894,10.33972168,0.604970455,0.884805918,0.012798318,0.476976991,0.492894351,0.463382244,0.455940962,0.27751416,0.530725181,0.515500903,0.477700591,0.460090965,0.254946768,30.63294411,31.3722229,30.79878616,29.86115456,29.31853294,24.41679764,25.30230141,24.62821198,24.25169373,23.72513008,18.25477409,19.28168297,18.50199699,18.68428802,18.15798569,0,19.59495735,20.1120491,20.44625092,20.44774246,20.63037872,3.246006966,3.495095491,3.464930534,3.200824738,3.108854294,105.8378906,103.1908875,107.0019989,117.3164063,118.9741364,1605.458252,1530.897339,1387.605469,1631.95813,1396.864258,23.30719948,23.55378151,23.79137802,23.68673897,23.78299904,23.0890007,22.82344437,23.53719139,23.75772667,23.45994186,23.16411781,23.11205864,299.2470703,72.49372101,78.39987946,92.94748688,86.61327362,99.26997375,285.2094421,331.1835938,382.6381531,434.9789124,485.6968384,13.29174232,15.43429565,17.83225632,20.27151489,22.63514519,11.15854549,10.82717419,12.21552849,12.07261276,12.14822006
ZZ201500000193,ZZGE61FL,ZZ,2015,193,ZZ2015DHS,936.0276489,1091.923828,1325.67395,2045.161377,2546.820557,33.29395294,29.45053673,43.09020996,43.77280426,41.38802719,22.41552925,22.46894646,22.25663185,22.42952538,22.98775482,12.25837708,11.98301506,12.18407154,11.18819427,11.12434959,NA,1848.666016,0.501797676,0.53394872,0.546967387,0.531216562,0.542999566,0,0,0,0,0,21,15,0,0.011760157,0.008589455,0.106073603,0.29046002,0.504860342,17.230196,17.44962311,17.62392426,17.74677658,18.0579071,0.063224107,11.59368324,0.900859058,2.953979254,0.050674818,0,0,0,0,0,0,0,0,0,0,26.3384552,27.02942848,26.72840118,25.55060768,25.29944992,20.18153954,21.01724625,20.61240005,19.93430328,19.70745087,14.08007813,15.04641247,14.54432869,14.36241341,14.17510128,0,12.04486084,12.43030071,12.99121571,13.06402779,13.12806129,2.803776026,3.008970022,2.970066547,2.649638414,2.76157403,93.3487854,88.61578369,127.9807892,115.9821014,114.2960968,1431.192139,1385.046997,1638.274536,1519.278931,1324.740479,16.88083649,16.92092705,16.88571548,16.92853737,17.01396561,16.16183662,16.04928589,16.67614937,16.75258255,16.70850182,16.61797523,16.53398514,228.4658203,193.9324493,218.0704956,253.3804169,364.7562561,430.7930298,1150.325806,1355.939209,1590.28186,1835.136719,2080.07959,53.47107315,63.02868652,73.92173767,85.30342865,96.68920898,14.54666615,13.82185459,15.95564651,15.73393345,16.03905487
ZZ201500000194,ZZGE61FL,ZZ,2015,194,ZZ2015DHS,1865.656982,3206.313965,2501.716553,4353.99707,5518.977539,33.67235565,30.80843353,29.95787621,37.07450867,38.05686569,27.80765152,27.33664322,27.77516365,27.83560181,27.86438751,12.30658245,11.96336842,12.23972797,11.31072044,11.13211823,NA,568.9316406,0.488238126,0.477425337,0.51093632,0.4935022,0.508135259,0,0,0,0,0,35.77939224,11,0,0.038114682,0.040675394,0.269490272,0.458694935,0.579678595,23.38923645,23.90175819,24.21894646,24.21845055,24.37004471,0.000620765,10.52295589,0.622410059,0.38555631,0.006020399,0.486511648,0.520785689,0.474250346,0.459347785,0.307557702,0.540310025,0.581655324,0.526164949,0.463190168,0.285598218,31.72362518,32.31889725,31.99577713,31.28030968,30.6930275,25.54924965,26.31396103,25.85523796,25.60230064,25.09832191,19.41704369,20.35552597,19.7560482,19.96959114,19.56090927,0,18.97081947,20.46687508,20.66273117,20.60129738,20.8757019,3.227401733,3.453703642,3.477054358,3.222193241,3.139019012,108.6742172,106.4031982,104.1651688,119.4612274,119.4612274,1354.958008,1328.873901,1211.52063,1314.334473,1205.404297,24.79206085,25.36532402,25.60540009,25.39340782,25.68576431,24.97148323,24.36175156,24.977005,24.83202362,24.77373314,24.91096687,24.72145081,121.0449219,459.0221252,591.9476929,625.3245239,800.0014648,962.690979,478.8951111,556.090271,642.4876099,730.3729858,815.5334473,22.32795334,25.92709351,29.95527267,34.05282974,38.02334213,10.14484024,9.685245514,11.03173542,10.79581833,10.79581833
ZZ201500000195,ZZGE61FL,ZZ,2015,195,ZZ2015DHS,228.3289948,250.9891205,573.6352539,653.8085327,1054.521606,27.27067375,25.92775154,23.40972519,30.75055122,31.43362808,30.03362465,28.54419136,29.85266304,28.84474564,28.8770237,12.98861408,12.67298889,12.92280102,11.8521843,11.78428841,4,648.5556641,0.38225466,0.43191269,0.420740962,0.440412313,0.41593805,0,0,0,0,0,21.68317223,10,0,0.041866936,0.031671107,0.262686789,0.530971348,0.542746365,24.86027908,24.18000603,24.918396,24.33413315,24.50146484,0.005494991,0.671545744,0.026544208,0.041671693,0.004674558,0.548641503,0.5690431,0.569838285,0.547852278,0.435878128,0.705650032,0.800016344,0.771181285,0.650179088,0.474042296,31.74842262,32.49462128,31.98779106,31.1396122,30.52673721,25.23077202,26.1288929,25.49965286,25.19065475,24.6092453,18.75980949,19.82163048,19.06498909,19.2874279,18.74244881,0,19.68693352,19.8158226,19.98413086,19.82351875,20.12590408,3.452372789,3.71821475,3.691666842,3.41338253,3.339207172,94.14852905,96.404953,86.42090607,104.9634018,104.9633942,1266.304932,1214.076538,1127.770752,1421.396729,1242.61377,23.5987587,23.90382767,24.19491577,24.20528984,24.30206108,23.19657898,23.37657166,24.42644119,24.57594109,24.01311111,23.22722054,23.31284904,98.31640625,29.9207077,44.35797882,87.04280853,128.7763062,197.1006927,341.8247681,500.8203125,730.0874023,1047.196655,1475.362671,15.96145439,23.38572693,34.09132004,48.89868546,68.89183044,9.415082932,9.206497192,9.925876617,10.22105026,10.22105026
ZZ201500000196,ZZGE61FL,ZZ,2015,196,ZZ2015DHS,15664.58691,24040.20313,26632.75,51361.03516,74599.64063,30.08586884,26.64984131,34.98819733,36.69649124,41.04623795,29.18234825,27.23520851,27.3231945,27.62388802,26.37250328,12.74192715,12.4609375,12.67126751,11.65386295,11.30173588,1,1735.831055,0.344637126,0.387229681,0.396637172,0.386756092,0.406157851,0,0,0,0,0,50.79899216,11,0.176673815,0.010942048,0.009664063,0.276500791,0.658519804,0.095029093,21.4710598,21.01359367,20.99307251,21.27555656,20.87215424,14.60577202,261.4263306,73.93859863,9.020812988,17.8565197,0.457651734,0.192811266,0.216530591,0.158954188,0.191946894,0.462155074,0.128439978,0.153424799,0.099710308,0.136610985,26.47313499,27.08107758,26.68849754,25.84448814,25.48098946,20.07486916,20.82365417,20.32382774,19.99049568,19.80078125,13.73120689,14.62013912,14.01723099,14.19062519,14.17925358,0.541689754,13.75977325,14.79197884,14.66295147,14.92722225,15.3718071,3.066666603,3.281640768,3.228645802,3.065017462,3.009418488,92.26332855,87.45520782,112.9645004,112.4753952,123.5253067,1087.374268,1051.228394,1326.93811,1292.478149,1540.366821,19.10501289,18.95035172,18.80480766,18.73523331,18.56806564,18.39936256,18.66847038,19.55955505,19.64646149,19.20684814,18.41083527,18.9678421,3.481445313,3046.220703,3844.644287,5585.946289,8624.636719,12109.10156,8895.491211,12179.62598,16949.99023,23319.24219,31749.27734,414.004425,566.8511353,788.8682861,1085.299194,1477.640869,14.10660553,13.69497776,15.79284668,15.30687904,16.64180946
ZZ201500000197,ZZGE61FL,ZZ,2015,197,ZZ2015DHS,148622.4531,167356.625,287761,253830.6875,292428.75,29.07360458,26.15413666,37.96527863,36.17186356,35.54560852,26.27133751,25.97836685,25.9656353,25.91415405,25.968853,12.35585976,12.02466774,12.31027222,11.17829895,11.29735279,NA,1111.619141,0.523083866,0.543037236,0.554709435,0.535910189,0.534242511,0,0,0,0,0,27.32770348,14,0,0.026889285,0.02976932,0.140249908,0.542631447,0.709882259,21.34095383,21.62110901,21.69057655,21.69607735,21.81879425,0.024496151,19.74106789,1.335354447,1.825924516,0.044934019,0.472915411,0.390377849,0.457746267,0.213172227,0.244057864,0.492996037,0.357310236,0.456489831,0.154703438,0.212298602,28.11430931,28.71922684,28.65525246,27.5210495,27.21419334,21.91210938,22.68084526,22.46668243,21.90960693,21.54356194,15.75844955,16.694561,16.34498024,16.34275246,15.91684055,0.153282419,16.41057014,17.26385117,17.41551781,17.47799683,17.6687355,3.048799276,3.258232117,3.196788311,2.898669004,3.002343893,88.6395874,85.21624756,121.3669586,104.8502579,106.7201385,1536.17749,1460.807983,1826.332153,1502.932007,1548.522827,22.30588722,22.65193176,22.47211266,22.37868309,22.43997955,21.83503342,21.83652115,22.09607887,21.90730667,21.68438339,21.77390099,21.93715096,37.40527344,25588.43945,33423.15625,44689.51953,45270.91406,49464.13281,58933.51563,69467.50781,81473.34375,94017.75781,106566.6719,2739.413818,3229.06665,3787.135254,4370.23877,4953.55127,13.95193291,13.34500694,15.40963745,15.03602409,15.27393627
ZZ201500000198,ZZGE61FL,ZZ,2015,198,ZZ2015DHS,2185.124756,1799.363525,2213.888184,2115.476807,2543.526855,40.89990997,35.02262115,42.30045319,45.30589676,46.75874329,26.40886307,26.57875061,26.73173714,26.86433983,27.09266853,11.49288273,11.17148399,11.43081665,10.06818581,10.33389759,NA,650.9521484,0.510073662,0.546885371,0.557642519,0.526333869,0.568406582,0,0,0,0,0,24.96898651,14,0,0.034695439,0.044666074,0.279065043,0.534909964,0.566820681,22.79666519,23.20694351,23.59085083,23.45550346,23.68966866,0.004542909,11.97011185,0.760801673,0.483053207,0.01128485,0.438986242,0.425928444,0.410675436,0.449365437,0.270129532,0.466654152,0.41931513,0.407358944,0.460359365,0.245520622,30.1561203,30.70104218,30.40820313,29.33107567,28.99027824,24.39053917,25.08398438,24.66679764,24.27973175,23.79796028,18.66323853,19.52955818,18.97738647,19.26288986,18.6563797,0,19.18446732,19.83513832,20.44996643,20.0466671,20.28666878,2.943446159,3.156076431,3.174479246,2.895182371,2.830989599,120.386673,110.5340729,134.2819061,131.1688385,132.3735199,1984.353516,1850.873657,1935.39563,1920.207275,1881.946655,23.73940277,23.80322075,23.96175194,23.99574089,23.87605286,23.24520111,22.89490509,23.33903313,23.6158123,23.55613708,23.47934151,23.53538132,50.80761719,328.8721924,332.1973877,351.5243835,388.6967773,443.6746521,328.6506958,381.6273499,440.9191284,501.2321167,559.6750488,15.29247856,17.75753975,20.51645088,23.3228817,26.04229546,11.74005222,11.24499989,13.30733967,12.57035542,12.62402725
ZZ201500000199,ZZGE61FL,ZZ,2015,199,ZZ2015DHS,22.58115005,32.7168808,40.04912186,47.67992783,54.40922165,39.46112061,33.49586487,49.32359314,45.3907547,46.28672028,25.73681831,26.00187492,26.3089695,26.15772057,26.44063759,11.75004387,11.44755459,11.6833334,10.10136032,10.53017998,NA,607.1289063,0.495637447,0.484684378,0.496666849,0.476616055,0.507165849,0,0,0,0,0,9,15,0,0.021683602,0.019272991,0.19528833,0.381175101,0.470230967,22.75221634,22.70217514,23.39692688,23.3649559,23.53367233,0.001174734,4.14122057,0.461240262,0.206378281,0.006892366,0.562774301,0.569128096,0.553034961,0.479112625,0.450287312,0.770946383,0.816545427,0.697276711,0.503937304,0.521775782,30.40777016,30.98068619,30.77105141,29.46919823,29.26223946,24.50321198,25.22824097,24.89531136,24.39072609,23.97128296,18.65772629,19.53313065,19.08771706,19.36783981,18.73206139,0,19.76761436,19.40247536,20.48488617,20.57218933,20.62670708,2.948553324,3.142317772,3.171889544,2.875723362,2.839192867,116.3532181,105.2546463,156.4489899,130.53125,131.4169312,2073.124023,2017.214722,2124.729736,2069.851074,2038.718994,23.92122841,24.04062271,24.12080765,24.24445724,24.05316544,23.417799,22.96644402,23.20608139,23.48321152,23.6423893,23.44016647,23.60776711,1039.118164,4.142167568,6.040170193,7.56505394,8.760688782,9.490755081,159.8279114,185.5912781,214.4257813,243.756897,272.1786194,7.430526257,8.628285408,9.968824387,11.33245087,12.65379906,12.06397438,11.49742985,13.20417023,12.84360504,12.88857651
ZZ201500000200,ZZGE61FL,ZZ,2015,200,ZZ2015DHS,37.56829071,43.20275879,63.48703766,62.24461365,88.21614838,31.02343369,28.13773918,26.15548134,34.59383011,35.40264893,27.06926727,27.32316017,27.58799744,27.12002373,26.98880386,12.80737877,12.51694202,12.74557304,11.69746876,11.63357925,NA,609.7851563,0.448054165,0.46300602,0.493672252,0.469718158,0.472552985,0,0,0,0,0,19.61823845,11,0,0.029332902,0.027410483,0.222275063,0.426385134,0.525242627,23.33979225,23.68641663,23.97770119,23.70037079,23.89056587,0.000748339,7.559161663,0.572175443,0.260346204,0.004596251,0.546910048,0.570439994,0.561777174,0.553123415,0.444135457,0.704648376,0.80853498,0.764366031,0.722047329,0.497645825,31.88155365,32.5685463,32.07064438,31.25149155,30.67617226,25.45765305,26.27492905,25.67407417,25.37547684,24.83748627,19.07417488,20.05160713,19.32507324,19.55402184,19.042593,0,19.61031532,20.0496769,20.36740875,20.28071785,20.79232788,3.317028522,3.593475103,3.569169521,3.293561935,3.218316078,102.9056168,101.1122665,93.35334778,113.9369202,113.9369202,1383.395142,1359.979004,1236.500977,1444.220947,1287.233643,23.92612076,24.28090858,24.62553024,24.59415627,24.78969193,24.06492996,23.90859222,24.48889542,24.41421509,24.01059723,23.71560669,23.744133,436.9228516,7.292346001,7.976065636,11.48722172,11.4367981,15.38779449,478.6095886,555.7587891,642.1046143,729.937561,815.0472412,22.32795334,25.92709541,29.95527458,34.05282974,38.02334213,9.844259262,9.46001339,10.56577969,10.60814476,10.60814476
ZZ201500000201,ZZGE61FL,ZZ,2015,201,ZZ2015DHS,13092.99609,14086.13867,20281.16992,25897.88867,31349.37305,41.02966309,34.57953644,45.82897568,49.17961884,52.38490295,28.95983696,27.94828606,28.46803093,27.86263847,28.07414246,11.75075245,11.45759583,11.69509602,10.6175642,10.36915493,1,1093.708984,0.405720323,0.423287779,0.428317517,0.401598603,0.396324605,0,0,0,0,0,30.86453819,12,1.068468451,0.029423136,0.023557497,0.827667415,0.775914729,0.125047803,22.70054245,22.62610054,23.07040977,22.66060257,22.91843796,130.2884674,30.43719101,112.4297943,3.441960096,5.050062656,0.20687829,0.05439093,0.097623765,0.084378079,0.078647427,0.153016895,0.028279383,0.054846402,0.046819333,0.046161611,25.20232964,25.82946968,25.37851524,24.39076996,24.01008415,19.30465889,20.07659149,19.50782776,19.05545425,18.80099869,13.45157719,14.37187481,13.68342018,13.77320576,13.64092922,0.051635031,16.44124985,17.30391502,17.67278862,17.45856476,17.76273537,2.843851328,3.046079397,3.007580996,2.814482212,2.775738001,116.6822662,105.332016,137.8343506,138.4151611,145.4067688,1127.023315,1102.494995,1273.300537,1327.453735,1229.976318,21.24661636,21.08551407,21.16757584,21.01859665,21.11329651,20.67725563,20.93312263,22.1016407,22.43302917,22.05703735,21.04288292,21.02337074,17.20703125,2039.238159,2241.244629,3171.094971,3757.769287,4200.123047,14108.4043,17237.89063,21210.99609,25455.88867,29898.27734,656.4795532,802.0980225,986.9709473,1184.490479,1391.199707,14.63633347,14.01122189,16.37872505,15.87042046,16.66692734
ZZ201500000202,ZZGE61FL,ZZ,2015,202,ZZ2015DHS,36151.63281,40481.64844,40571.66016,86471.07813,112911.4297,28.58865356,25.76910019,37.44458008,35.63725662,35.00254822,26.54229736,26.23010445,26.1942234,26.17514992,26.3087883,12.36184883,12.02776337,12.32028389,11.15781212,11.30160618,NA,1063.561523,0.529043436,0.54787457,0.569345415,0.530595362,0.543342233,0,0,0,0,0,28.0728035,14,0,0.028443102,0.032686561,0.15176563,0.560603619,0.728354514,21.43511391,21.7162323,21.88549042,21.8502121,22.12638474,0.02371783,17.14184952,1.259372711,1.559603214,0.039575782,0.478190958,0.403718472,0.471796155,0.221943051,0.248633072,0.503192842,0.376379073,0.482344508,0.16420719,0.21877186,28.39992905,29.00334167,28.94717979,27.79249191,27.49796104,22.1951828,22.96429443,22.75380516,22.191782,21.82553482,16.03808022,16.97557831,16.6268959,16.63467979,16.19635391,0.002736652,16.32793045,17.20236206,17.57675362,17.52527237,17.94398117,3.082103729,3.289337397,3.224739552,2.929803371,3.032378435,88.11319733,84.76326752,120.7490158,104.4101563,106.140976,1552.078857,1453.862671,1828,1490.570923,1532.733643,22.55088806,22.88018227,22.70261192,22.58343315,22.65410423,22.04553413,22.03127098,22.31595421,22.1414299,21.9907589,22.07515144,22.22402573,11.6640625,9189.983398,8084.678223,9589.288086,15422.18945,19098.89453,58677.79688,69166.07813,81119.82813,93609.80469,106104.2656,2727.544434,3215.075684,3770.726807,4351.303711,4932.088867,13.84195614,13.24836063,15.2978611,14.92925262,15.1526947
ZZ201500000203,ZZGE61FL,ZZ,2015,203,ZZ2015DHS,66.01036072,83.35787201,108.6562119,127.0478287,154.0213318,38.43373489,32.80919266,48.61730194,44.69232941,45.62200165,25.95777702,25.96174812,26.77039337,26.0690403,26.39356613,11.77787971,11.5723238,11.74759865,10.08405685,10.61620426,NA,578.4902344,0.487411976,0.465256214,0.497889072,0.47105673,0.518469095,0,0,0,0,0,15,15,0,0.034148559,0.030686593,0.261418849,0.472413301,0.538411796,22.75831413,23.31324768,23.77417946,23.54338455,23.45726776,0.003123493,5.469593525,0.62846601,0.264626563,0.008465828,0.557978511,0.567940474,0.527553082,0.396910965,0.397834957,0.726118624,0.763743579,0.604086697,0.385025799,0.430646688,30.13259506,30.7801075,30.49467659,29.13454819,28.98558998,24.21903992,24.964468,24.59140587,24.0698204,23.65342903,18.35471725,19.20778465,18.74707794,19.05049324,18.36938667,0.000103191,19.55884933,20.66474915,20.77796364,21.01773262,20.52096939,2.9515481,3.150926113,3.175434113,2.871484518,2.844878435,113.4390182,103.3793411,154.3810425,128.3333282,129.7890472,2167.283691,2111.712891,2233.742188,2126.894287,2100.87915,24.05709076,24.10141563,24.20903587,24.35801506,24.14810562,23.5108223,23.11585808,23.28164291,23.52970695,23.77013206,23.58749771,23.7886467,440.3144531,10.80462456,15.38947773,18.58068466,23.34371185,26.86637878,159.8365326,185.6012878,214.4373474,243.7700653,272.1932983,7.43052578,8.628284454,9.968823433,11.33245087,12.6537981,12.26731205,11.67758751,13.43072891,13.05444145,13.13437462
ZZ201500000204,ZZGE61FL,ZZ,2015,204,ZZ2015DHS,996.3721313,1051.035767,818.3806763,1305.840576,1719.329834,39.09996033,33.76189804,34.07345581,42.48483276,43.55875397,26.12996292,26.46486092,26.89451408,26.79673576,26.85024071,11.80894184,11.48168373,11.73758698,10.62821198,10.63185787,NA,599.2441406,0.513595283,0.522278666,0.539023101,0.528745294,0.54956609,0,0,0,0,0,26.62303352,12,0,0.030676281,0.033570912,0.26790154,0.448750913,0.56151861,22.87154388,23.60491371,23.85336876,23.79470444,24.14724731,0.004789918,13.72601986,0.789491057,0.569697678,0.009815654,0.419012785,0.371399432,0.357562393,0.387705058,0.247447878,0.420735061,0.337295443,0.332348198,0.359097868,0.210148737,30.5806427,31.09249115,30.84483528,29.96280479,29.47730064,24.64926147,25.33246613,24.95082474,24.62226677,24.12847328,18.77170181,19.61080742,19.10724831,19.33459282,18.84544373,0,19.61312485,20.7449646,20.81222153,20.79267311,21.44425392,3.053689241,3.261805534,3.291883707,3.011675358,2.942144156,119.3991318,110.1247406,112.1658478,127.9505234,128.1561279,1571.665649,1456.290894,1442.499512,1502.206299,1443.274048,24.32961845,24.68478394,24.93673134,24.77037811,24.89216614,24.18552971,23.69823074,24.21629715,24.38636208,24.34973907,24.3776722,24.27689552,171.0332031,235.2484131,194.0415649,202.3662109,239.9345856,299.9075928,328.3356018,381.2614441,440.4963989,500.7515259,559.1384277,15.29247856,17.75753975,20.51645279,23.32287979,26.04229546,11.21330261,10.61470413,12.24035549,11.93437481,11.94242191
ZZ201500000205,ZZGE61FL,ZZ,2015,205,ZZ2015DHS,811.5975342,984.0272827,1161.758911,1505.621948,2208.593262,37.75967407,32.12440491,39.86314011,40.97950745,47.10285568,24.4188633,24.4405899,24.53013992,24.5311451,24.90604591,12.10169315,11.78532982,12.03606796,10.91718769,10.78298664,1,1145.099609,0.463441849,0.467565298,0.474613041,0.456914753,0.475815654,0.000954861,0.003962674,0.001623264,0.002100694,0.001002604,27.14951515,12,0,0.022089034,0.017560542,0.312336385,0.641893387,0.319398254,20.27453613,20.9167881,21.04411507,20.86598969,21.25555611,0.004117114,8.488711357,0.852193296,0.776031911,0.010980316,0.487409949,0.513054967,0.46849516,0.276683718,0.261588722,0.531344354,0.540245414,0.47262758,0.225539207,0.225676551,27.5573349,28.15412331,27.70199585,26.67604256,26.27348137,21.48051262,22.23880386,21.65711784,21.18819427,20.85820389,15.4556427,16.36879349,15.66592979,15.75885391,15.49049473,0,16.13020897,17.3929863,17.55809021,17.20083237,17.6050663,3.004644156,3.212847233,3.174479246,2.96484375,2.890581608,113.4543839,103.2108078,126.5447083,121.4978333,136.1546478,1968.442017,1936.25354,2037.110474,2131.654541,1844.876343,20.96321869,21.07095909,21.27652931,21.512743,21.38074875,20.53764153,19.88191986,20.54892159,20.7923069,20.43361664,20.6048069,20.68875694,200.9052734,157.6185455,184.1544495,249.4337158,291.7879028,405.9041443,620.5738525,703.1665039,792.7521362,879.3811035,958.151123,28.88423729,32.72846222,36.89817429,40.93026733,44.59656906,13.8246088,13.20497799,15.36930561,14.68697929,15.48152733
ZZ201500000206,ZZGE61FL,ZZ,2015,206,ZZ2015DHS,9.25163269,11.13721848,14.79446507,15.29315948,18.69801331,37.85186768,33.45743179,48.09712219,44.69924927,45.01885986,26.12765121,25.81996536,26.34281349,26.58208466,26.5351696,11.78511333,11.43085957,11.71822929,10.22569466,10.56944466,NA,610.21875,0.440511167,0.465915143,0.475580037,0.473263711,0.481923252,0,0,0,0,0,7,15,0,0.024833383,0.015642988,0.151962787,0.320931941,0.413899392,22.5387764,23.0156498,23.5724144,23.60395813,23.86468506,0.000962866,0.360213369,0.028293941,0.044256289,0.001053409,0.548842609,0.562210202,0.52106905,0.45020166,0.426409692,0.678599596,0.74966073,0.602110147,0.477666616,0.491853356,31.10789871,31.64145088,31.4892807,30.19136429,29.99952316,25.19045067,25.90204048,25.60047722,25.04891586,24.68628502,19.32278633,20.21059036,19.77105141,19.96566963,19.43007851,0,18.94989967,20.21133232,20.80201721,20.62583351,21.19420242,3.022569418,3.06332469,3.032118082,2.953428745,2.934201479,114.4098969,102.4909744,145.8361511,132.0160522,132.0944061,1972.977661,1965.272217,2017.477661,1863.915405,1941.488647,24.11278534,24.24884796,24.34202385,24.46748543,24.3064518,23.67484093,23.13622665,23.25464058,23.51659775,23.78940392,23.52921486,23.77268791,1494.323242,1.681270361,2.067587376,2.637874842,2.700787544,3.130841017,92.68120575,107.0306015,122.9812241,139.036911,154.3968964,4.307974815,4.97495842,5.716369629,6.462664604,7.176621914,11.84918785,11.09537315,12.78739071,12.58697891,12.59151459
ZZ201500000207,ZZGE61FL,ZZ,2015,207,ZZ2015DHS,90.25884247,82.0113678,109.9114609,106.2795868,128.9317932,29.46430969,27.20881271,27.88674736,33.07268143,35.45413208,30.9033699,28.92743111,29.52010345,28.70985985,29.86528015,12.41705704,12.11184978,12.33402824,11.21766472,11.12578106,1,609.7265625,0.34515211,0.3757599,0.376491338,0.39404428,0.389194787,0,0,0,0,0,20,11,0,0.032416392,0.036975179,0.26567018,0.466112673,0.504993379,25.41238594,24.86227608,25.2710247,24.7090168,25.37387466,0.001478497,3.967672825,0.488833457,0.272509724,0.003488239,0.504423916,0.541437268,0.501972437,0.441426069,0.301037312,0.579354584,0.627526522,0.549354196,0.44604218,0.283447385,30.64674568,31.40264893,30.81605911,29.87816811,29.33654594,24.42256927,25.31358528,24.62152863,24.2447052,23.74921989,18.22968864,19.29079819,18.48203087,18.66050339,18.21076393,0,19.92139816,20.79712105,21.02194405,20.70816994,20.88246918,3.355859518,3.621658087,3.562196255,3.352517366,3.195963621,98.87808228,98.54102325,99.3380661,110.8767395,113.310112,1393.334351,1319.458618,1211.354492,1561.97876,1270.248169,24.11506653,24.33282089,24.47989655,24.49532127,24.72604942,23.90179253,23.86810112,24.62483025,24.87864113,24.5595665,23.90175629,23.95507622,370.1376953,17.96599579,15.14088726,22.57883644,19.52776337,22.48994064,285.1165161,331.0757141,382.5134888,434.8371887,485.5386047,13.29174137,15.43429661,17.83225441,20.27151489,22.63514519,11.0208025,10.79347229,12.08941841,12.01150131,12.12643242
ZZ201500000208,ZZGE61FL,ZZ,2015,208,ZZ2015DHS,85713.08594,123247.7734,145575.0625,199180.8594,254879.2813,28.68036079,26.02964592,31.22123146,33.05098343,38.81842422,30.57696915,29.36623764,29.90366745,28.90554428,29.29991913,13.07207775,12.77650452,12.99742508,11.91791153,11.6020689,1,939.0020142,0.308751017,0.335766494,0.321549714,0.315371364,0.299396455,0,0.000303819,5.06365722685587e-05,0,0,59.36756516,10,1.426581025,0.025200548,0.021775829,0.444226414,0.808207214,0.086191811,24.68734169,24.45093727,24.71269035,23.92326355,24.29554749,3.218525171,1418.2146,61.97392654,2.057843685,3.649423122,0.42385,0.230969191,0.103853032,0.101257935,0.098992273,0.42618978,0.170772254,0.059029043,0.056165803,0.056513894,28.060215,28.64348984,28.27884865,27.44094467,26.99011993,21.49966812,22.23887444,21.75652504,21.44730949,21.16018486,14.98813725,15.86698437,15.28142357,15.52303314,15.38805008,1.956125617,18.79771423,19.5356369,19.52171326,18.94098473,19.29117393,3.248509884,3.466218233,3.43373847,3.255772591,3.163787603,93.16843414,90.22444153,107.2055435,107.6064835,122.8132553,1063.855835,911.4182129,1107.896118,1397.496826,1425.211548,22.66538239,22.59071922,22.70049477,22.76566315,22.84424591,22.26950455,22.53242111,23.18007469,23.73521042,23.4370575,22.65130806,22.60431099,0.7265625,13749.70313,17028.71289,22537.05273,28877.33398,35691.13281,85723.34375,113941.4453,152378.2813,199729.9688,257242.2031,3991.386719,5305.256836,7094.924316,9299.678711,11977.52051,14.61066628,14.16136265,16.23815727,15.72580147,17.05692291
ZZ201500000209,ZZGE61FL,ZZ,2015,209,ZZ2015DHS,9.902567863,12.6058197,18.6689167,23.16053391,28.39656067,40.26497269,34.26444244,45.32361603,45.21066666,46.92322922,25.89064407,26.20364571,26.1715641,26.3255291,26.8393116,11.58606815,11.29869843,11.52265644,10.19249153,10.4488287,NA,581.6240234,0.423102289,0.448614746,0.443781942,0.45202744,0.466435015,0,0,0,0,0,19.26008987,14,0,0.020953175,0.024287796,0.22683692,0.409047544,0.493326008,22.89710617,23.42607307,23.42337418,23.46273232,23.48544312,0.002956821,8.147686005,0.69996053,0.322509587,0.006460622,0.523865283,0.531698287,0.504478037,0.456028432,0.355785668,0.6230371,0.609981775,0.551537275,0.473403186,0.358265936,29.87417412,30.45503426,30.15520859,29.06853485,28.70611954,24.05807304,24.78072929,24.36731911,23.94578934,23.45898438,18.28810692,19.15633774,18.6325531,18.87604141,18.25729179,0,19.90357018,20.64850044,20.67518616,20.59993362,20.13157654,2.926475763,3.130425453,3.146918535,2.868880272,2.808680534,117.834465,107.2622833,142.6297302,129.7039948,131.7923584,2107.58374,2003.272217,2130.332764,2173.211182,2032.749512,23.87506866,23.98634529,24.05913734,24.11562157,23.96252441,23.28802109,22.99341774,23.48818398,23.70210648,23.69060898,23.53414154,23.6018734,788.0537109,1.794788718,2.327278614,3.481063366,4.255506516,4.953293324,80.91145325,93.95392609,108.5511322,123.3997574,137.7879944,3.763323307,4.369949818,5.048889637,5.739523411,6.408743858,12.05369282,11.5239315,13.68495655,12.89218712,12.99342442
ZZ201500000210,ZZGE61FL,ZZ,2015,210,ZZ2015DHS,1340.332397,1425.816284,2077.249512,1945.878174,2470.460938,36.57000732,31.44474792,37.44966125,39.69494247,45.13611984,25.17170525,24.94010353,25.58836746,25.49572945,25.73726273,12.16158867,11.86223984,12.09392357,10.96918488,10.84136295,1,847.8643188,0.506158888,0.519956231,0.533565938,0.490690768,0.51821363,0,0,0,0,0,33.13618088,12,0,0.028894564,0.027507527,0.352255493,0.67749238,0.417106152,21.29842758,21.72952271,22.16383743,21.98237228,22.07238388,0.009480616,12.51049709,1.221897125,0.751905203,0.019011458,0.46248576,0.451465666,0.402566463,0.268684328,0.230786592,0.490020394,0.444297135,0.385188341,0.2165934,0.194387957,28.06493187,28.65507889,28.23546028,27.22096443,26.80559921,21.96145821,22.69292641,22.15768242,21.71389008,21.35225677,15.90334225,16.79283905,16.14153671,16.25177956,15.96423626,0,17.42514992,18.51893997,18.7393055,18.46901512,18.40750313,3.056510448,3.272569418,3.246744871,3.023394108,2.945920229,111.7766037,102.9051208,121.5895004,120.0134583,132.9674072,1867.686401,1773.540405,1878.018311,1978.687988,1704.887207,22.97570038,23.06375313,23.08934593,23.10575867,23.1418705,22.44871902,22.01763725,22.60923386,22.99247551,22.9017334,22.68872261,22.80710983,64.86035156,211.5001526,266.8324585,340.6574707,377.1090698,454.03125,620.427063,703.0001831,792.5645752,879.1730957,957.9244385,28.8842392,32.72846603,36.89817429,40.93026733,44.59656906,13.56820297,12.98394108,15.03525162,14.44904518,15.13660145
ZZ201500000211,ZZGE61FL,ZZ,2015,211,ZZ2015DHS,449.0349426,891.015625,976.8253784,2468.063477,3709.751709,27.20258713,25.90602875,23.5280304,30.68177414,31.42506027,29.86829567,29.17697906,30.27677155,29.11177063,29.03229332,12.93046856,12.61614609,12.8635416,11.78437519,11.71210957,4,683.3398438,0.380007923,0.415740639,0.405242175,0.414613038,0.422276378,0,0,0,0,0,24.62342644,10,0,0.038217492,0.029627169,0.251135558,0.520545363,0.536714077,24.72483063,24.59520912,25.24364471,24.54289818,24.68812752,0.011242503,0.663609624,0.030722568,0.032838304,0.00449974,0.544982851,0.566805482,0.56670326,0.541187942,0.42816475,0.692497849,0.790402114,0.759513676,0.62679106,0.460242718,31.62747383,32.36966324,31.86875153,31.01354218,30.40169334,25.13880157,26.03216171,25.41158867,25.09922028,24.52070427,18.69700623,19.75351715,19.00520897,19.22916603,18.68958282,0,19.58136368,20.01343727,20.2105217,19.97402382,20.34396172,3.451432467,3.719010592,3.68606782,3.418619871,3.337760448,93.88789368,96.34479523,86.725914,104.889328,104.8893204,1259.563477,1242.187622,1117.812866,1433.812134,1286.052368,23.51656723,23.83003807,24.1097126,24.12285805,24.23689651,23.15292358,23.28172302,24.26518822,24.46618462,23.94436073,23.15930367,23.2450943,68.75195313,106.5658875,157.4715729,284.1391602,486.117981,693.3898926,341.8485413,500.8551331,730.1381836,1047.269409,1475.46521,15.96145439,23.38572693,34.09132004,48.89868164,68.89183044,9.480872154,9.288176537,10.01937485,10.3089838,10.3089838
ZZ201500000212,ZZGE61FL,ZZ,2015,212,ZZ2015DHS,151.1112823,226.6925964,284.4554443,278.0936279,321.0883484,38.92769241,34.02722168,36.68527222,42.83378601,44.19957733,25.04734802,26.02000046,26.1195488,26.14749908,26.21035194,11.75685787,11.4400177,11.69244766,10.48932266,10.6040802,NA,667.4609375,0.497079939,0.500722885,0.509161055,0.488854349,0.515464008,0,0,0,0,0,22.31274986,12,0,0.03087675,0.035835203,0.271077693,0.461397886,0.543794096,21.87621498,23.08571243,23.23223114,23.27653503,23.2267704,0.003453261,11.42295647,0.846066654,0.359535784,0.009068936,0.372738749,0.24555482,0.264768213,0.342769384,0.212817088,0.354058743,0.190900192,0.220508873,0.306096405,0.174393967,30.25078201,30.78346443,30.52539063,29.54613876,29.11271667,24.35412407,25.04080009,24.65568733,24.27157211,23.78125,18.49392319,19.34344673,18.83294296,19.05681419,18.50863647,0,18.70508385,20.15142441,20.34491539,20.40556717,20.24318886,3.029383659,3.230555534,3.260633707,2.983897686,2.907421827,117.9269104,109.9268265,119.6172333,127.8116302,128.5068207,1707.685913,1558.206787,1557.311279,1648.769653,1512.855835,23.6332016,23.89885139,24.14793396,23.99384117,24.06352615,23.33209991,22.95372772,23.45967674,23.70227814,23.66217995,23.61002731,23.50246048,205.4482422,28.26502419,41.85184479,54.52811813,51.09679794,56.008358,328.4094849,381.3472595,440.59552,500.8641968,559.2642822,15.29247856,17.75754166,20.51645279,23.32287979,26.04229546,11.44698334,10.94213486,12.70493889,12.26423645,12.29276848
ZZ201500000213,ZZGE61FL,ZZ,2015,213,ZZ2015DHS,43416.03516,49114.15625,46845.24609,87335.28125,116455.8828,29.79902267,26.59106445,38.38815689,36.72475815,36.0700264,27.20890236,27.32642365,26.98932838,26.96481514,26.69487953,12.35403633,12.02735806,12.30419636,11.23350716,11.30073833,NA,1090.040039,0.460756779,0.485473394,0.498065323,0.502408266,0.514250517,0,0,0,0,0,37.30694199,15,0,0.024244612,0.026447633,0.135447666,0.562100172,0.719756961,22.27357674,22.85645676,22.87864113,22.70899963,22.53677368,0.020101819,22.10480881,1.274836898,1.62037468,0.033574078,0.48037678,0.390656441,0.448022008,0.204725981,0.2331222,0.49805215,0.357339323,0.435705096,0.144610465,0.196537361,27.62568092,28.23094559,28.16957474,27.06558228,26.75612068,21.42695427,22.19091415,21.98395538,21.42557907,21.08149719,15.27164459,16.20358849,15.86537933,15.83207512,15.45538235,0,17.33824921,18.38648987,18.76795578,18.45318222,18.37866592,3.021281958,3.231061935,3.17230916,2.869849682,2.979948044,90.03125,85.91737366,121.7791061,105.3945313,107.4868088,1422.673218,1358.002563,1747.720215,1396.884644,1458.234985,22.77796555,22.90681458,22.79181099,22.69848633,22.77192497,22.33698082,22.40452194,22.77214432,22.45137405,22.4337616,22.42464256,22.62272644,18.16796875,9234.060547,9808.695313,9180.433594,15576.32129,19698.4375,58933.51563,69467.50781,81473.35156,94017.76563,106566.6719,2739.413818,3229.06665,3787.135742,4370.239258,4953.55127,14.19977951,13.54989338,15.64194679,15.26154423,15.5107336
ZZ201500000214,ZZGE61FL,ZZ,2015,214,ZZ2015DHS,355.4179993,593.5100708,983.300293,1099.585449,1932.578125,26.86937523,25.6874218,24.39520454,30.44370461,31.48996735,27.39996147,27.14731407,28.2759037,26.93369102,27.22586823,12.65460014,12.33778954,12.58252335,11.49224567,11.37429142,2,732.125,0.442841321,0.465215713,0.470015883,0.46149379,0.475334346,0,0,0,0,0,21.56215096,10,0,0.037356935,0.033275668,0.255256236,0.5096789,0.517029583,23.41039085,23.56236649,24.3350296,23.72715759,23.73972321,0.00893117,0.939120889,0.030369114,0.060135584,0.002784236,0.527285814,0.557205677,0.547058284,0.483770639,0.384881407,0.649119616,0.748387754,0.70116818,0.517843068,0.398017734,31.04260635,31.76037407,31.27083397,30.41284752,29.81966209,24.69048119,25.55898476,24.96300697,24.64325905,24.10493469,18.38800621,19.42258453,18.68831062,18.92060089,18.44537163,0,19.42082024,19.9774189,20.3941555,20.52062607,20.25357628,3.438093185,3.719994307,3.652184725,3.441276073,3.326938629,92.37941742,95.55706024,89.09579468,104.7651901,104.7651901,1297.452393,1280.944214,1175.604248,1639.609253,1464.350952,22.91901588,23.21059418,23.45246506,23.43829536,23.41573143,22.39684677,22.37913513,23.42500305,23.72379875,23.3529129,22.65922356,22.68331718,182.8496094,52.89670181,104.8926163,183.305191,216.5780029,361.2182922,341.9417725,500.9916992,730.3372192,1047.555054,1475.867554,15.96145535,23.38572502,34.09131622,48.89868546,68.89183044,9.768820763,9.665920258,10.48856449,10.72162819,10.72162914
ZZ201500000215,ZZGE61FL,ZZ,2015,215,ZZ2015DHS,38414.25,40723.44531,63584.125,82197.78125,126100.9297,38.79536438,33.25878143,45.65673065,56.55132294,50.2694397,25.80560684,25.174757,25.63656235,25.00374985,25.76788139,12.10642433,11.8567276,12.05442715,11.03316021,10.80928802,NA,1614.00293,0.340993762,0.350749999,0.343044788,0.324483514,0.334934264,0,0.000243056,1.73611097125104e-05,7.37847221898846e-05,4.34027788287494e-06,46.82947159,14,0,0.017128251,0.01873214,0.644866884,0.300456107,0.272942036,20.21420479,20.07836723,20.46230888,19.72090149,20.57176971,118.7294464,122.0450058,707.5388184,60.83996201,53.91004562,0.191170529,0.038150202,0.064806014,0.041405819,0.065617383,0.140016034,0.019100877,0.034232963,0.021316882,0.037630439,24.55377579,25.26593018,24.81523514,23.7085495,23.46397591,18.47309113,19.31657982,18.75855064,18.18072891,18.03706741,12.44735241,13.40920162,12.76080704,12.6753912,12.65468788,1.844893813,14.62280273,14.98197937,15.28805542,14.43805504,15.37565994,2.735026121,2.945355892,2.893923521,2.681597233,2.679644108,106.1063309,97.95894623,132.1270752,151.6478729,134.7042084,868.0591431,831.0579224,1197.095825,1039.831909,938.484436,18.68039513,18.65259552,18.59758759,18.42020607,18.38472176,18.15031815,18.58195114,18.90470505,18.55047035,18.57098579,18.17144203,18.24191856,0.716796875,3756.768555,5605.42334,7415.222168,10356.49902,14756.42188,26649.03906,37127.64063,53975.26563,78536.15625,113880.3672,1325.129028,1846.179688,2683.931396,3905.226807,5662.725098,14.74318123,14.12568092,16.83416176,16.58590317,16.69976044
ZZ201500000216,ZZGE61FL,ZZ,2015,216,ZZ2015DHS,67.69733429,78.01239014,138.3393402,105.6874771,119.6089325,35.97418594,32.02002335,33.05512619,39.80583572,41.15220642,26.11765099,25.88791656,26.55864525,26.2582283,26.55749702,12.11723137,11.85316849,12.04982662,10.92686653,10.96605873,NA,655.7695313,0.468475014,0.482435256,0.485936612,0.486142188,0.479494542,0,0,0,0,0,21,12,0,0.025986472,0.035222635,0.248708695,0.388866633,0.506235957,22.9209919,23.24559212,23.75081635,23.51510429,23.86123276,0.005066345,12.79725933,0.669967532,0.295170307,0.008852301,0.408209443,0.320098758,0.325866848,0.401973993,0.24572356,0.414361447,0.272547573,0.29571569,0.376480907,0.211963624,30.50078201,31.13172722,30.74752617,29.81119919,29.31844711,24.42013931,25.17608452,24.69848061,24.3199234,23.81007004,18.38355064,19.27855873,18.6977005,18.88433266,18.35238647,0,19.72433281,20.60326576,20.94298553,20.77197838,21.16496658,3.127691031,3.351041794,3.369878531,3.095963478,3.009592056,112.5161514,107.3004379,111.3917542,123.2374115,123.8513489,1545.459717,1480.834229,1407.438354,1475.583496,1384.112061,24.08918953,24.41434288,24.67911339,24.55669975,24.64021111,23.92580223,23.50795937,24.11353493,24.26317596,24.08067131,24.0332737,23.96425438,459.1943359,9.660601616,14.40259933,19.64322281,19.41897011,20.86372566,479.228302,556.4772339,642.9346924,730.8811646,816.1008911,22.32795334,25.92709541,29.95527649,34.05283356,38.02334595,11.16833305,10.72881889,12.19316387,11.99548626,12.02144051
ZZ201500000217,ZZGE61FL,ZZ,2015,217,ZZ2015DHS,35325.85938,42486.04688,60949.91016,54653.33984,66127.54688,47.00876236,46.12753677,46.53053665,47.46406555,47.38052368,28.4113121,28.05987167,28.38116837,28.52899361,29.02024841,10.72495651,10.51027203,10.67052937,10.21999454,10.21999454,NA,398.0283203,0.406251341,0.422000676,0.411740571,0.398828715,0.38235116,0,0,0,0,0,40.83143616,15,0,0.063456319,0.051400121,0.329883158,0.577959776,0.588107109,24.51335716,24.40999985,25.20510483,24.99093246,25.33559799,0.01491947,5.221747875,0.054533556,0.202651873,0.006661274,0.500709176,0.567066312,0.502580583,0.365131885,0.327573776,0.595825374,0.813744128,0.554858983,0.340816379,0.333877355,31.00632286,31.54428482,31.46964836,30.71903992,30.64910316,25.62355232,26.26129913,26.11106873,25.58724022,25.51730347,20.28136635,21.03401375,20.79911804,20.49904442,20.42910957,1.382360339,20.61540413,20.76012802,22.02904129,21.45287132,21.65094757,3.04056716,3.098654509,3.07181716,3.011400461,3.016710043,142.9333038,142.9333038,142.9333038,142.9333038,142.9333038,1768.748779,1798.859741,1721.351074,1637.117065,1537.901733,25.17082024,25.55868912,25.52655029,25.60449028,25.29618645,24.81724739,24.02274513,24.03929138,24.41964531,24.73886681,24.57685471,24.78508568,1.401367188,5721.200684,7887.392578,9877.488281,9651.834961,11072.55859,3745.27832,4325.142578,4969.712402,5618.52832,6239.230469,219.4641113,253.4427338,291.2129517,329.2319641,365.6035767,12.03833866,12.03833866,12.03833866,12.03833866,12.03833866
